number,hash,parent_hash,nonce,sha3_uncles,logs_bloom,transactions_root,state_root,receipts_root,miner,difficulty,total_difficulty,size,extra_data,gas_limit,gas_used,timestamp,transaction_count
200,0x38862260b1e52b216fc7aad23ac7dab82d55e8907e87a43c8663d4b835a7159d,0xd3e86fee61cc6a89aff2c9bbcefa6a4801869f751ec539144849d986c13e9b31,0x0000000000000000,0x1dcc4de8dec75d7aab85b567b6ccd41ad312451b948a7413f0a142fd40d49347,0x00000000000000000000000000000000000000000000000000000000000000000000000000000000000000000000000000000000000000000000000000000000000000000000000000000000000000000000000000000000000000000000000000000000000000000000000000000000000000000000000000000000000000000000000000000000000000000000000000000000000000000000000000000000000000000000000000000000000000000000000000000000000000000000000000000000000000000000000000000000000000000000000000000000000000000000000000000000000000000000000000000000000000000000000000000000,0x56e81f171bcc55a6ff8345e692c0f86e5b48e01b996cadc001622fb5e363b421,0x399b4fc0c23aa173febb49cbcfd8234a26218b4b7940df92e0839efe118da3ed,0x56e81f171bcc55a6ff8345e692c0f86e5b48e01b996cadc001622fb5e363b421,0x7ae2f5b9e386cd1b50a4550696d957cb4900f03a,2,357,1029,0xd883010002846765746888676f312e31332e34856c696e75780000000000000022b81f8e175ffde54d797fe11eb03f9e3bf75f1d2a7cdd959bfe8d9487b2a43b33565295a698f7e22d4c407bbe49438ed859fe965b140dcf1aab71a92f7be8361c80a4c1e7e9aaf001d0877f1cfde21835e7a025f4da968de7e4d7e4004197917f4070f14430b3230294d12c6ab2aac5c2cd68e80b16b5816488aa4d1955ee33403f8ccb1d4de5fb97c7ade2685b1ded8013785d6623cc18d214320b6bb6475968bf0b8b6fb4e317a0f9d6f03eaf8ce6675bc60d6bbad7cf34b5fa511d8e963dbba288b1960e75d678f3adfc719c99674c072166708589033e2d9afe7ae2f5b9e386cd1b50a4550696d957cb4900f03a82012708dafc9e1b880fd083b32182b869be8e098c4d90829ce8f72d0163c1d5cf348a862d5506309ef9f4360c606c7ab4db26b016007d3ad0ab86a0b8f7166496996a7da21cf1f1b04d9b3e26a3d077c2be4ec20253b8642161bc3f444f53679c1f3d47ce2fd7544e0b2cc94692d4a704debef7bcb61328d6caa02bbebaebb5d7e581e4b66559e635f805ffea0a6e3c511bbd10f4519ece37dc24887e11b55dee01c3b1283aa067c58eab4709f85e99d46de5fe9feb7c2370de6b71515a255474cf382cc0566aa877022baf19b961df59b9d2db741e1e94bc9ed8cac91286a5d5cc9e01f1b57e9731e8c1ea10882b0ef32f391400,30000000,0,1598672203,0
201,0x1a254f98b2e031ecdab4f4065204e5947c76d8f94beb25b67e6bb10c9b71f18f,0x38862260b1e52b216fc7aad23ac7dab82d55e8907e87a43c8663d4b835a7159d,0x0000000000000000,0x1dcc4de8dec75d7aab85b567b6ccd41ad312451b948a7413f0a142fd40d49347,0x00000000000000000000000000000000000000000000000000000000000000000000000000000000000000000000000000000000000000000000000000000000000000000000000000000000000000000000000000000000000000000000000000000000000000000000000000000000000000000000000000000000000000000000000000000000000000000000000000000000000000000000000000000000000000000000000000000000000000000000000000000000000000000000000000000000000000000000000000000000000000000000000000000000000000000000000000000000000000000000000000000000000000000000000000000000,0x56e81f171bcc55a6ff8345e692c0f86e5b48e01b996cadc001622fb5e363b421,0x399b4fc0c23aa173febb49cbcfd8234a26218b4b7940df92e0839efe118da3ed,0x56e81f171bcc55a6ff8345e692c0f86e5b48e01b996cadc001622fb5e363b421,0x82012708dafc9e1b880fd083b32182b869be8e09,2,359,608,0xd883010002846765746888676f312e31332e34856c696e7578000000000000002a245ab66e6fdf78a8bdac9a72eb0bbdc778918e8c68f9b58b182b68e7a4d9ca3cc6a5c1d54cb05744e464840ea014b7fc15d069f28bd3b595697c013249fe3901,30000000,0,1598672206,0
202,0xdd0f620849cfa502cbce214dae13360cce217de9cae0b304e5a4a9723297d75f,0x1a254f98b2e031ecdab4f4065204e5947c76d8f94beb25b67e6bb10c9b71f18f,0x0000000000000000,0x1dcc4de8dec75d7aab85b567b6ccd41ad312451b948a7413f0a142fd40d49347,0x00000000000000000000000000000000000000000000000000000000000000000000000000000000000000000000000000000000000000000000000000000000000000000000000000000000000000000000000000000000000000000000000000000000000000000000000000000000000000000000000000000000000000000000000000000000000000000000000000000000000000000000000000000000000000000000000000000000000000000000000000000000000000000000000000000000000000000000000000000000000000000000000000000000000000000000000000000000000000000000000000000000000000000000000000000000,0x56e81f171bcc55a6ff8345e692c0f86e5b48e01b996cadc001622fb5e363b421,0x399b4fc0c23aa173febb49cbcfd8234a26218b4b7940df92e0839efe118da3ed,0x56e81f171bcc55a6ff8345e692c0f86e5b48e01b996cadc001622fb5e363b421,0x8c4d90829ce8f72d0163c1d5cf348a862d550630,2,361,608,0xd883010002846765746888676f312e31332e34856c696e757800000000000000c8ae46b242c08b5d581991803814d9643b6debd4ae6fd463638f91c70e77b2c760e41c9495cfff4622eb595521614f50eb538901b6898eadf628ddcb2fa114cd01,30000000,0,1598672209,0
203,0x149823a38bba182b8a7de19cf0a103966bfafa1403abc79f180f67a0245c2215,0xdd0f620849cfa502cbce214dae13360cce217de9cae0b304e5a4a9723297d75f,0x0000000000000000,0x1dcc4de8dec75d7aab85b567b6ccd41ad312451b948a7413f0a142fd40d49347,0x00000000000000000000000000000000000000000000000000000000000000000000000000000000000000000000000000000000000000000000000000000000000000000000000000000000000000000000000000000000000000000000000000000000000000000000000000000000000000000000000000000000000000000000000000000000000000000000000000000000000000000000000000000000000000000000000000000000000000000000000000000000000000000000000000000000000000000000000000000000000000000000000000000000000000000000000000000000000000000000000000000000000000000000000000000000,0x56e81f171bcc55a6ff8345e692c0f86e5b48e01b996cadc001622fb5e363b421,0x399b4fc0c23aa173febb49cbcfd8234a26218b4b7940df92e0839efe118da3ed,0x56e81f171bcc55a6ff8345e692c0f86e5b48e01b996cadc001622fb5e363b421,0x9ef9f4360c606c7ab4db26b016007d3ad0ab86a0,2,363,608,0xd883010002846765746888676f312e31332e34856c696e7578000000000000008a1e2a031ad833ae6902eb848c6a01c27b33b210170ad8879a40573a7fd6ce800755de303fad2a14317374bc7c5cc5bc0255a0676fe6c30d35f3dfec2f79663700,30000000,0,1598672212,0
204,0x4f7fffcfddb3e12b9ffcc71c50b492174a386beca6dde445e85f36ecd819148c,0x149823a38bba182b8a7de19cf0a103966bfafa1403abc79f180f67a0245c2215,0x0000000000000000,0x1dcc4de8dec75d7aab85b567b6ccd41ad312451b948a7413f0a142fd40d49347,0x00000000000000000000000000000000000000000000000000000000000000000000000000000000000000000000000000000000000000000000000000000000000000000000000000000000000000000000000000000000000000000000000000000000000000000000000000000000000000000000000000000000000000000000000000000000000000000000000000000000000000000000000000000000000000000000000000000000000000000000000000000000000000000000000000000000000000000000000000000000000000000000000000000000000000000000000000000000000000000000000000000000000000000000000000000000,0x56e81f171bcc55a6ff8345e692c0f86e5b48e01b996cadc001622fb5e363b421,0x399b4fc0c23aa173febb49cbcfd8234a26218b4b7940df92e0839efe118da3ed,0x56e81f171bcc55a6ff8345e692c0f86e5b48e01b996cadc001622fb5e363b421,0xb8f7166496996a7da21cf1f1b04d9b3e26a3d077,2,365,608,0xd883010002846765746888676f312e31332e34856c696e7578000000000000003edff9de239fd8b4934d02c6e7310fd61d8dd612df895e36ac5bc08570410f696d02e7be9bb0018c793ddb03bb9cf9c5ec8c0a36da8c827a74c3f70d6eacc1f400,30000000,0,1598672215,0
205,0x7928dbb3dbf541e64439b64888190971aebc74fedd8a1a7ab9af7212cb3a7c2e,0x4f7fffcfddb3e12b9ffcc71c50b492174a386beca6dde445e85f36ecd819148c,0x0000000000000000,0x1dcc4de8dec75d7aab85b567b6ccd41ad312451b948a7413f0a142fd40d49347,0x00000000000000000000000000000000000000000000000000000000000000000000000000000000000000000000000000000000000000000000000000000000000000000000000000000000000000000000000000000000000000000000000000000000000000000000000000000000000000000000000000000000000000000000000000000000000000000000000000000000000000000000000000000000000000000000000000000000000000000000000000000000000000000000000000000000000000000000000000000000000000000000000000000000000000000000000000000000000000000000000000000000000000000000000000000000,0x56e81f171bcc55a6ff8345e692c0f86e5b48e01b996cadc001622fb5e363b421,0x399b4fc0c23aa173febb49cbcfd8234a26218b4b7940df92e0839efe118da3ed,0x56e81f171bcc55a6ff8345e692c0f86e5b48e01b996cadc001622fb5e363b421,0xc2be4ec20253b8642161bc3f444f53679c1f3d47,2,367,608,0xd883010002846765746888676f312e31332e34856c696e757800000000000000290b43094e711d5b944a12e2d1e9416a82afc36330029881ca833c1508b96fc33370ccd62b0209d8b8d3b6b29e5f1f98bbf97881eb9f252d22a184fddc4abe3c00,30000000,0,1598672218,0
206,0x792c61e9a3a0eaed748ed23d5cbf607874d29c33ca782263c715ff9d83fa49ab,0x7928dbb3dbf541e64439b64888190971aebc74fedd8a1a7ab9af7212cb3a7c2e,0x0000000000000000,0x1dcc4de8dec75d7aab85b567b6ccd41ad312451b948a7413f0a142fd40d49347,0x00000000000000000000000000000000000000000000000000000000000000000000000000000000000000000000000000000000000000000000000000000000000000000000000000000000000000000000000000000000000000000000000000000000000000000000000000000000000000000000000000000000000000000000000000000000000000000000000000000000000000000000000000000000000000000000000000000000000000000000000000000000000000000000000000000000000000000000000000000000000000000000000000000000000000000000000000000000000000000000000000000000000000000000000000000000,0x56e81f171bcc55a6ff8345e692c0f86e5b48e01b996cadc001622fb5e363b421,0x399b4fc0c23aa173febb49cbcfd8234a26218b4b7940df92e0839efe118da3ed,0x56e81f171bcc55a6ff8345e692c0f86e5b48e01b996cadc001622fb5e363b421,0xce2fd7544e0b2cc94692d4a704debef7bcb61328,2,369,608,0xd883010002846765746888676f312e31332e34856c696e757800000000000000b79a9d5d39b1d0b871aedc7653933903144ffe80fc9c169e4df4faffca6a3e1270ff4d45e9be7e8d273d08303c07dcfe869d7c14de31fb9289f1b3f87ba92b4c00,30000000,0,1598672221,0
207,0x3279362db06965d616035a42b097337a7b81aea4725714d0f8ae6e6b0f91704a,0x792c61e9a3a0eaed748ed23d5cbf607874d29c33ca782263c715ff9d83fa49ab,0x0000000000000000,0x1dcc4de8dec75d7aab85b567b6ccd41ad312451b948a7413f0a142fd40d49347,0x00000000000000000000000000000000000000000000000000000000000000000000000000000000000000000000000000000000000000000000000000000000000000000000000000000000000000000000000000000000000000000000000000000000000000000000000000000000000000000000000000000000000000000000000000000000000000000000000000000000000000000000000000000000000000000000000000000000000000000000000000000000000000000000000000000000000000000000000000000000000000000000000000000000000000000000000000000000000000000000000000000000000000000000000000000000,0x56e81f171bcc55a6ff8345e692c0f86e5b48e01b996cadc001622fb5e363b421,0x399b4fc0c23aa173febb49cbcfd8234a26218b4b7940df92e0839efe118da3ed,0x56e81f171bcc55a6ff8345e692c0f86e5b48e01b996cadc001622fb5e363b421,0xd6caa02bbebaebb5d7e581e4b66559e635f805ff,2,371,608,0xd883010002846765746888676f312e31332e34856c696e757800000000000000b502767403227bb88ad10ad2b95623d55bfecb1499256da06802108e77b7f63737ec7c9400597b62412854ebceb070f8c893a1982c350b0fe238b16042b1c76000,30000000,0,1598672224,0
208,0x386dbb4e2cf0437b0f193c93fe5695fd35cc55d973c98153ea3ee0de392ed478,0x3279362db06965d616035a42b097337a7b81aea4725714d0f8ae6e6b0f91704a,0x0000000000000000,0x1dcc4de8dec75d7aab85b567b6ccd41ad312451b948a7413f0a142fd40d49347,0x00000000000000000000000000000000000000000000000000000000000000000000000000000000000000000000000000000000000000000000000000000000000000000000000000000000000000000000000000000000000000000000000000000000000000000000000000000000000000000000000000000000000000000000000000000000000000000000000000000000000000000000000000000000000000000000000000000000000000000000000000000000000000000000000000000000000000000000000000000000000000000000000000000000000000000000000000000000000000000000000000000000000000000000000000000000,0x56e81f171bcc55a6ff8345e692c0f86e5b48e01b996cadc001622fb5e363b421,0x399b4fc0c23aa173febb49cbcfd8234a26218b4b7940df92e0839efe118da3ed,0x56e81f171bcc55a6ff8345e692c0f86e5b48e01b996cadc001622fb5e363b421,0xea0a6e3c511bbd10f4519ece37dc24887e11b55d,2,373,608,0xd883010002846765746888676f312e31332e34856c696e757800000000000000dbeb6ec4cf8d9f9543a7f56e73f28c20c62aa29239f77e55ea82ee5e5e42feee45150d93ee89b3d053d83deb7d41d8bc141384fd9d41fd9f526940aea0d3c96600,30000000,0,1598672227,0
209,0xdf495cd67067edd95000b201b3efe565a1a7e59bc1f9f646f413e6ff2d1911c6,0x386dbb4e2cf0437b0f193c93fe5695fd35cc55d973c98153ea3ee0de392ed478,0x0000000000000000,0x1dcc4de8dec75d7aab85b567b6ccd41ad312451b948a7413f0a142fd40d49347,0x00000000000000000000000000000000000000000000000000000000000000000000000000000000000000000000000000000000000000000000000000000000000000000000000000000000000000000000000000000000000000000000000000000000000000000000000000000000000000000000000000000000000000000000000000000000000000000000000000000000000000000000000000000000000000000000000000000000000000000000000000000000000000000000000000000000000000000000000000000000000000000000000000000000000000000000000000000000000000000000000000000000000000000000000000000000,0x56e81f171bcc55a6ff8345e692c0f86e5b48e01b996cadc001622fb5e363b421,0x399b4fc0c23aa173febb49cbcfd8234a26218b4b7940df92e0839efe118da3ed,0x56e81f171bcc55a6ff8345e692c0f86e5b48e01b996cadc001622fb5e363b421,0xee01c3b1283aa067c58eab4709f85e99d46de5fe,2,375,608,0xd883010002846765746888676f312e31332e34856c696e7578000000000000006d3dbc88d6b64bc309733162c3e4f1949927f78d00b602dd163b249bdbf6ac452defc594f2c30d7cc65a3bb1405998d11ca74c5af7f78ed463eab6516105379500,30000000,0,1598672230,0
210,0x9752d70e40314e7c7671d7b6f7f3f78ce4ccf034872d30265b1e0b7d658d070c,0xdf495cd67067edd95000b201b3efe565a1a7e59bc1f9f646f413e6ff2d1911c6,0x0000000000000000,0x1dcc4de8dec75d7aab85b567b6ccd41ad312451b948a7413f0a142fd40d49347,0x00000000000000000000000000000000000000000000000000000000000000000000000000000000000000000000000000000000000000000000000000000000000000000000000000000000000000000000000000000000000000000000000000000000000000000000000000000000000000000000000000000000000000000000000000000000000000000000000000000000000000000000000000000000000000000000000000000000000000000000000000000000000000000000000000000000000000000000000000000000000000000000000000000000000000000000000000000000000000000000000000000000000000000000000000000000,0x56e81f171bcc55a6ff8345e692c0f86e5b48e01b996cadc001622fb5e363b421,0x399b4fc0c23aa173febb49cbcfd8234a26218b4b7940df92e0839efe118da3ed,0x56e81f171bcc55a6ff8345e692c0f86e5b48e01b996cadc001622fb5e363b421,0x22b81f8e175ffde54d797fe11eb03f9e3bf75f1d,2,377,608,0xd883010002846765746888676f312e31332e34856c696e75780000000000000072c2a9ae4fa13c9e598eefffe5a232d4adb4fa1ce72675bf70d812d94ca98e993acd012b4916f28ad42193dfff358ca8cc548a88c8a53b110cddccdea7c7e73100,30000000,0,1598672233,0
211,0x69158d017d3c26220327116ae66b1f04f1e2492d531c719fa710e7bb1f834b46,0x9752d70e40314e7c7671d7b6f7f3f78ce4ccf034872d30265b1e0b7d658d070c,0x0000000000000000,0x1dcc4de8dec75d7aab85b567b6ccd41ad312451b948a7413f0a142fd40d49347,0x00000000000000000000000000000000000000000000000000000000000000000000000000000000000000000000000000000000000000000000000000000000000000000000000000000000000000000000000000000000000000000000000000000000000000000000000000000000000000000000000000000000000000000000000000000000000000000000000000000000000000000000000000000000000000000000000000000000000000000000000000000000000000000000000000000000000000000000000000000000000000000000000000000000000000000000000000000000000000000000000000000000000000000000000000000000,0x56e81f171bcc55a6ff8345e692c0f86e5b48e01b996cadc001622fb5e363b421,0x399b4fc0c23aa173febb49cbcfd8234a26218b4b7940df92e0839efe118da3ed,0x56e81f171bcc55a6ff8345e692c0f86e5b48e01b996cadc001622fb5e363b421,0x2a7cdd959bfe8d9487b2a43b33565295a698f7e2,2,379,608,0xd883010002846765746888676f312e31332e34856c696e757800000000000000efdaa6d01947c3e80475562932e7c0e726daf781779012b443e6412596afded146a0a6271425820ce6623f5621ee2e6bcee14f3d7dd3e97920294a9bbf5892bd00,30000000,0,1598672236,0
212,0xfcd3f779fdd1616278e6a0a61d32c38f97eee31c3272d5ac99328bcfb140f426,0x69158d017d3c26220327116ae66b1f04f1e2492d531c719fa710e7bb1f834b46,0x0000000000000000,0x1dcc4de8dec75d7aab85b567b6ccd41ad312451b948a7413f0a142fd40d49347,0x00000000000000000000000000000000000000000000000000000000000000000000000000000000000000000000000000000000000000000000000000000000000000000000000000000000000000000000000000000000000000000000000000000000000000000000000000000000000000000000000000000000000000000000000000000000000000000000000000000000000000000000000000000000000000000000000000000000000000000000000000000000000000000000000000000000000000000000000000000000000000000000000000000000000000000000000000000000000000000000000000000000000000000000000000000000,0x56e81f171bcc55a6ff8345e692c0f86e5b48e01b996cadc001622fb5e363b421,0x399b4fc0c23aa173febb49cbcfd8234a26218b4b7940df92e0839efe118da3ed,0x56e81f171bcc55a6ff8345e692c0f86e5b48e01b996cadc001622fb5e363b421,0x2d4c407bbe49438ed859fe965b140dcf1aab71a9,2,381,608,0xd883010002846765746888676f312e31332e34856c696e757800000000000000acfc7b9951505a11d32897bbaf4be3fa13ed9b2880af9fdbd1a5de5a9b9354f9781fe1c05dc78449bb090309789ccdda35d2946d5862ffa874a9a29f6b9f12b300,30000000,0,1598672239,0
213,0x56e613f834793d90569c6650e377000d92abb45b928b620383534fbc8e547eaa,0xfcd3f779fdd1616278e6a0a61d32c38f97eee31c3272d5ac99328bcfb140f426,0x0000000000000000,0x1dcc4de8dec75d7aab85b567b6ccd41ad312451b948a7413f0a142fd40d49347,0x00000000000000000000000000000000000000000000000000000000000000000000000000000000000000000000000000000000000000000000000000000000000000000000000000000000000000000000000000000000000000000000000000000000000000000000000000000000000000000000000000000000000000000000000000000000000000000000000000000000000000000000000000000000000000000000000000000000000000000000000000000000000000000000000000000000000000000000000000000000000000000000000000000000000000000000000000000000000000000000000000000000000000000000000000000000,0x56e81f171bcc55a6ff8345e692c0f86e5b48e01b996cadc001622fb5e363b421,0x399b4fc0c23aa173febb49cbcfd8234a26218b4b7940df92e0839efe118da3ed,0x56e81f171bcc55a6ff8345e692c0f86e5b48e01b996cadc001622fb5e363b421,0x2f7be8361c80a4c1e7e9aaf001d0877f1cfde218,2,383,608,0xd883010002846765746888676f312e31332e34856c696e757800000000000000d9b7ccc92a06c20c33e63406b4ddc1a21dec7b06245d2e5fb6bebd368b8bfbb11a9aeeb3a5ab6d04b17f575b598ca82f8c7b59e68e03239b97cdebda3acd568501,30000000,0,1598672242,0
214,0xeb75fb9f44632ad7b1ec4342083d37a06b836a4692e73d6de8b5bac24eb225cb,0x56e613f834793d90569c6650e377000d92abb45b928b620383534fbc8e547eaa,0x0000000000000000,0x1dcc4de8dec75d7aab85b567b6ccd41ad312451b948a7413f0a142fd40d49347,0x00000000000000000000000000000000000000000000000000000000000000000000000000000000000000000000000000000000000000000000000000000000000000000000000000000000000000000000000000000000000000000000000000000000000000000000000000000000000000000000000000000000000000000000000000000000000000000000000000000000000000000000000000000000000000000000000000000000000000000000000000000000000000000000000000000000000000000000000000000000000000000000000000000000000000000000000000000000000000000000000000000000000000000000000000000000,0x56e81f171bcc55a6ff8345e692c0f86e5b48e01b996cadc001622fb5e363b421,0x399b4fc0c23aa173febb49cbcfd8234a26218b4b7940df92e0839efe118da3ed,0x56e81f171bcc55a6ff8345e692c0f86e5b48e01b996cadc001622fb5e363b421,0x35e7a025f4da968de7e4d7e4004197917f4070f1,2,385,608,0xd883010002846765746888676f312e31332e34856c696e7578000000000000000c3e396996498e918d973fbe286dfa2948f20b242f6db3b73a85896a3a06ae200c3b625e12882cc1dcfef22c2a87a4c0dc03bcbf8d1edfcc44f681cee459f29200,30000000,0,1598672245,0
215,0xfe95173eabd032af370a556f3ad3181113836b5dfc24ba0ced7ed2ac77e9764e,0xeb75fb9f44632ad7b1ec4342083d37a06b836a4692e73d6de8b5bac24eb225cb,0x0000000000000000,0x1dcc4de8dec75d7aab85b567b6ccd41ad312451b948a7413f0a142fd40d49347,0x00000000000000000000000000000000000000000000000000000000000000000000000000000000000000000000000000000000000000000000000000000000000000000000000000000000000000000000000000000000000000000000000000000000000000000000000000000000000000000000000000000000000000000000000000000000000000000000000000000000000000000000000000000000000000000000000000000000000000000000000000000000000000000000000000000000000000000000000000000000000000000000000000000000000000000000000000000000000000000000000000000000000000000000000000000000,0x56e81f171bcc55a6ff8345e692c0f86e5b48e01b996cadc001622fb5e363b421,0x399b4fc0c23aa173febb49cbcfd8234a26218b4b7940df92e0839efe118da3ed,0x56e81f171bcc55a6ff8345e692c0f86e5b48e01b996cadc001622fb5e363b421,0x4430b3230294d12c6ab2aac5c2cd68e80b16b581,2,387,608,0xd883010002846765746888676f312e31332e34856c696e757800000000000000e404bdaee4565f548c8f343163888bc88ae08c8c46e6789d1d7ae560ba3fc16b3d30a2d08911246f48091661487318756c5b90d1d515ed61bdb95c7417cc599901,30000000,0,1598672248,0
216,0xae1c1c137cb0f6cd591d99ab3dc992fb7eaa7680d2eb46b4538d6fa30db7ce5b,0xfe95173eabd032af370a556f3ad3181113836b5dfc24ba0ced7ed2ac77e9764e,0x0000000000000000,0x1dcc4de8dec75d7aab85b567b6ccd41ad312451b948a7413f0a142fd40d49347,0x00000000000000000000000000000000000000000000000000000000000000000000000000000000000000000000000000000000000000000000000000000000000000000000000000000000000000000000000000000000000000000000000000000000000000000000000000000000000000000000000000000000000000000000000000000000000000000000000000000000000000000000000000000000000000000000000000000000000000000000000000000000000000000000000000000000000000000000000000000000000000000000000000000000000000000000000000000000000000000000000000000000000000000000000000000000,0x56e81f171bcc55a6ff8345e692c0f86e5b48e01b996cadc001622fb5e363b421,0x399b4fc0c23aa173febb49cbcfd8234a26218b4b7940df92e0839efe118da3ed,0x56e81f171bcc55a6ff8345e692c0f86e5b48e01b996cadc001622fb5e363b421,0x6488aa4d1955ee33403f8ccb1d4de5fb97c7ade2,2,389,608,0xd883010002846765746888676f312e31332e34856c696e7578000000000000006eb96791cb1479ba8b6102b59332ceb65cf947ee1a4a5a2f21656d725304dca64a1f194155d86e5909322f5d4c3609c955f8fe7e2cb4d65074de958c7744dca300,30000000,0,1598672251,0
217,0xb7bd505a30642d44db02e2730efd78b3295b63f499852f5945b94dd00d3f6fb5,0xae1c1c137cb0f6cd591d99ab3dc992fb7eaa7680d2eb46b4538d6fa30db7ce5b,0x0000000000000000,0x1dcc4de8dec75d7aab85b567b6ccd41ad312451b948a7413f0a142fd40d49347,0x00000000000000000000000000000000000000000000000000000000000000000000000000000000000000000000000000000000000000000000000000000000000000000000000000000000000000000000000000000000000000000000000000000000000000000000000000000000000000000000000000000000000000000000000000000000000000000000000000000000000000000000000000000000000000000000000000000000000000000000000000000000000000000000000000000000000000000000000000000000000000000000000000000000000000000000000000000000000000000000000000000000000000000000000000000000,0x56e81f171bcc55a6ff8345e692c0f86e5b48e01b996cadc001622fb5e363b421,0x399b4fc0c23aa173febb49cbcfd8234a26218b4b7940df92e0839efe118da3ed,0x56e81f171bcc55a6ff8345e692c0f86e5b48e01b996cadc001622fb5e363b421,0x685b1ded8013785d6623cc18d214320b6bb64759,2,391,608,0xd883010002846765746888676f312e31332e34856c696e757800000000000000e7cf140f438721258c3dd4ca44df821e05056b5cc90f0ff93ac66fcbd1fc4049408547ff1a554f6da4b1230c9bccdef3e5e0ef44810f7a223aca347f6971e65f00,30000000,0,1598672254,0
218,0xf8b9a29b9b397a62b535007337c092635057c49d15e993f8be922003be33f450,0xb7bd505a30642d44db02e2730efd78b3295b63f499852f5945b94dd00d3f6fb5,0x0000000000000000,0x1dcc4de8dec75d7aab85b567b6ccd41ad312451b948a7413f0a142fd40d49347,0x00000000000000000000000000000000000000000000000000000000000000000000000000000000000000000000000000000000000000000000000000000000000000000000000000000000000000000000000000000000000000000000000000000000000000000000000000000000000000000000000000000000000000000000000000000000000000000000000000000000000000000000000000000000000000000000000000000000000000000000000000000000000000000000000000000000000000000000000000000000000000000000000000000000000000000000000000000000000000000000000000000000000000000000000000000000,0x56e81f171bcc55a6ff8345e692c0f86e5b48e01b996cadc001622fb5e363b421,0x399b4fc0c23aa173febb49cbcfd8234a26218b4b7940df92e0839efe118da3ed,0x56e81f171bcc55a6ff8345e692c0f86e5b48e01b996cadc001622fb5e363b421,0x68bf0b8b6fb4e317a0f9d6f03eaf8ce6675bc60d,2,393,608,0xd883010002846765746888676f312e31332e34856c696e757800000000000000f9e90d4c6d74688aeabd5fd6feacb652de2ca7c559dc13543cfe01194cb9610a05442acdf9435c32927872d4d4945d006a8853120fe3be2023f393fdea38cf4300,30000000,0,1598672257,0
219,0xfd993e91869d3b9edc22c9e4da3562e4660c0e08e62847584b5cfe17cf738c3f,0xf8b9a29b9b397a62b535007337c092635057c49d15e993f8be922003be33f450,0x0000000000000000,0x1dcc4de8dec75d7aab85b567b6ccd41ad312451b948a7413f0a142fd40d49347,0x00000000000000000000000000000000000000000000000000000000000000000000000000000000000000000000000000000000000000000000000000000000000000000000000000000000000000000000000000000000000000000000000000000000000000000000000000000000000000000000000000000000000000000000000000000000000000000000000000000000000000000000000000000000000000000000000000000000000000000000000000000000000000000000000000000000000000000000000000000000000000000000000000000000000000000000000000000000000000000000000000000000000000000000000000000000,0x56e81f171bcc55a6ff8345e692c0f86e5b48e01b996cadc001622fb5e363b421,0x399b4fc0c23aa173febb49cbcfd8234a26218b4b7940df92e0839efe118da3ed,0x56e81f171bcc55a6ff8345e692c0f86e5b48e01b996cadc001622fb5e363b421,0x6bbad7cf34b5fa511d8e963dbba288b1960e75d6,2,395,608,0xd883010002846765746888676f312e31332e34856c696e7578000000000000002c82c41c1a7cb660ec7e5ac54f94d9d324aa9277426ab880ec0191ab2155419869106062006956a86936743f51f7a38bb1398982d3c9a40def511cf1000470d301,30000000,0,1598672260,0
220,0xd9c4871425c417e8637ea31de599ffe6e8dbfed21cca06150be1637ab9e3b14e,0xfd993e91869d3b9edc22c9e4da3562e4660c0e08e62847584b5cfe17cf738c3f,0x0000000000000000,0x1dcc4de8dec75d7aab85b567b6ccd41ad312451b948a7413f0a142fd40d49347,0x00000000000000000000000000000000000000000000000000000000000000000000000000000000000000000000000000000000000000000000000000000000000000000000000000000000000000000000000000000000000000000000000000000000000000000000000000000000000000000000000000000000000000000000000000000000000000000000000000000000000000000000000000000000000000000000000000000000000000000000000000000000000000000000000000000000000000000000000000000000000000000000000000000000000000000000000000000000000000000000000000000000000000000000000000000000,0x56e81f171bcc55a6ff8345e692c0f86e5b48e01b996cadc001622fb5e363b421,0x399b4fc0c23aa173febb49cbcfd8234a26218b4b7940df92e0839efe118da3ed,0x56e81f171bcc55a6ff8345e692c0f86e5b48e01b996cadc001622fb5e363b421,0x78f3adfc719c99674c072166708589033e2d9afe,2,397,608,0xd883010002846765746888676f312e31332e34856c696e75780000000000000070671fb9770c36e26a6c8945db33c7a4f1ed3d0d37d8286ee22d385fda02b4ab16f636ec53504182446a539a4aaf8c10ed4240bc4e7dd1493370ca069a2490bf00,30000000,0,1598672263,0
221,0x0a8b86557c4b6ed286e5155462519f897aebf6ac2a3d422d76c5c53f578256e2,0xd9c4871425c417e8637ea31de599ffe6e8dbfed21cca06150be1637ab9e3b14e,0x0000000000000000,0x1dcc4de8dec75d7aab85b567b6ccd41ad312451b948a7413f0a142fd40d49347,0x00000000000000000000000000000000000000000000000000000000000000000000000000000000000000000000000000000000000000000000000000000000000000000000000000000000000000000000000000000000000000000000000000000000000000000000000000000000000000000000000000000000000000000000000000000000000000000000000000000000000000000000000000000000000000000000000000000000000000000000000000000000000000000000000000000000000000000000000000000000000000000000000000000000000000000000000000000000000000000000000000000000000000000000000000000000,0x56e81f171bcc55a6ff8345e692c0f86e5b48e01b996cadc001622fb5e363b421,0x399b4fc0c23aa173febb49cbcfd8234a26218b4b7940df92e0839efe118da3ed,0x56e81f171bcc55a6ff8345e692c0f86e5b48e01b996cadc001622fb5e363b421,0x7ae2f5b9e386cd1b50a4550696d957cb4900f03a,2,399,608,0xd883010002846765746888676f312e31332e34856c696e75780000000000000000a9d6bc27db1b5f3350ad1254de717367bfb439b01d06cf1926c562170196ec7e01d25036a7622efcc00af5dd1f0196ba1ac605436f0a1fcf4c7aba920c7aca00,30000000,0,1598672266,0
222,0xe446321fc519ffd921efadfa16559022d7542ed9151b70b9c7c8eb32ef7e043b,0x0a8b86557c4b6ed286e5155462519f897aebf6ac2a3d422d76c5c53f578256e2,0x0000000000000000,0x1dcc4de8dec75d7aab85b567b6ccd41ad312451b948a7413f0a142fd40d49347,0x00000000000000000000000000000000000000000000000000000000000000000000000000000000000000000000000000000000000000000000000000000000000000000000000000000000000000000000000000000000000000000000000000000000000000000000000000000000000000000000000000000000000000000000000000000000000000000000000000000000000000000000000000000000000000000000000000000000000000000000000000000000000000000000000000000000000000000000000000000000000000000000000000000000000000000000000000000000000000000000000000000000000000000000000000000000,0x56e81f171bcc55a6ff8345e692c0f86e5b48e01b996cadc001622fb5e363b421,0x399b4fc0c23aa173febb49cbcfd8234a26218b4b7940df92e0839efe118da3ed,0x56e81f171bcc55a6ff8345e692c0f86e5b48e01b996cadc001622fb5e363b421,0x82012708dafc9e1b880fd083b32182b869be8e09,2,401,608,0xd883010002846765746888676f312e31332e34856c696e7578000000000000003b9957ae6d134d3416ec330274894e42f5fa97fe584e7cac01549afad85029c050d5d199b0f3d8434329ba92d50130c04dbb9ea86dfa2f412e44336ef62e65cc01,30000000,0,1598672269,0
223,0x8d574e94426f042491905349445f8ca60a191de3864277c36c97b1e1607bd88c,0xe446321fc519ffd921efadfa16559022d7542ed9151b70b9c7c8eb32ef7e043b,0x0000000000000000,0x1dcc4de8dec75d7aab85b567b6ccd41ad312451b948a7413f0a142fd40d49347,0x00000000000000000000000000000000000000000000000000000000000000000000000000000000000000000000000000000000000000000000000000000000000000000000000000000000000000000000000000000000000000000000000000000000000000000000000000000000000000000000000000000000000000000000000000000000000000000000000000000000000000000000000000000000000000000000000000000000000000000000000000000000000000000000000000000000000000000000000000000000000000000000000000000000000000000000000000000000000000000000000000000000000000000000000000000000,0x56e81f171bcc55a6ff8345e692c0f86e5b48e01b996cadc001622fb5e363b421,0x399b4fc0c23aa173febb49cbcfd8234a26218b4b7940df92e0839efe118da3ed,0x56e81f171bcc55a6ff8345e692c0f86e5b48e01b996cadc001622fb5e363b421,0x8c4d90829ce8f72d0163c1d5cf348a862d550630,2,403,608,0xd883010002846765746888676f312e31332e34856c696e7578000000000000009607085d3903e07250632e66e99f1bb75413f7a6201d532c4863cbfbe60c9b800bf26e34f8bc534f92cfe842d2faa0656ea960e271a735cc0509850c5006cb2e01,30000000,0,1598672272,0
224,0x5c9c6b26859ae307e12d8097ca405343d761634dd51f1ab360526915fb698b5d,0x8d574e94426f042491905349445f8ca60a191de3864277c36c97b1e1607bd88c,0x0000000000000000,0x1dcc4de8dec75d7aab85b567b6ccd41ad312451b948a7413f0a142fd40d49347,0x00000000000000000000000000000000000000000000000000000000000000000000000000000000000000000000000000000000000000000000000000000000000000000000000000000000000000000000000000000000000000000000000000000000000000000000000000000000000000000000000000000000000000000000000000000000000000000000000000000000000000000000000000000000000000000000000000000000000000000000000000000000000000000000000000000000000000000000000000000000000000000000000000000000000000000000000000000000000000000000000000000000000000000000000000000000,0x56e81f171bcc55a6ff8345e692c0f86e5b48e01b996cadc001622fb5e363b421,0x399b4fc0c23aa173febb49cbcfd8234a26218b4b7940df92e0839efe118da3ed,0x56e81f171bcc55a6ff8345e692c0f86e5b48e01b996cadc001622fb5e363b421,0x9ef9f4360c606c7ab4db26b016007d3ad0ab86a0,2,405,608,0xd883010002846765746888676f312e31332e34856c696e7578000000000000007c5bad093a366330bc0029db40ddb8dbe859c4d9b208a1021e65d237efeca15e5a1773880b0a48237c278b79d82cf5f5dddecdf5b92b6de3aa1f8e61a6a04d9000,30000000,0,1598672275,0
225,0x81ef6666eb967ec33a86feb3ec3982da6ab1de061b05c9c34235b7e3b05bdf59,0x5c9c6b26859ae307e12d8097ca405343d761634dd51f1ab360526915fb698b5d,0x0000000000000000,0x1dcc4de8dec75d7aab85b567b6ccd41ad312451b948a7413f0a142fd40d49347,0x00000000000000000000000000000000000000000000000000000000000000000000000000000000000000000000000000000000000000000000000000000000000000000000000000000000000000000000000000000000000000000000000000000000000000000000000000000000000000000000000000000000000000000000000000000000000000000000000000000000000000000000000000000000000000000000000000000000000000000000000000000000000000000000000000000000000000000000000000000000000000000000000000000000000000000000000000000000000000000000000000000000000000000000000000000000,0x56e81f171bcc55a6ff8345e692c0f86e5b48e01b996cadc001622fb5e363b421,0x399b4fc0c23aa173febb49cbcfd8234a26218b4b7940df92e0839efe118da3ed,0x56e81f171bcc55a6ff8345e692c0f86e5b48e01b996cadc001622fb5e363b421,0xb8f7166496996a7da21cf1f1b04d9b3e26a3d077,2,407,608,0xd883010002846765746888676f312e31332e34856c696e757800000000000000743fc27b506624bbf8eccaeb1b7f468d0151739990886baa59bd4ea7a7df7db320f422ca961e2a9a7dc1ffed8b846ea0dc31a6242cbb658aeb91dc92fb455a2501,30000000,0,1598672278,0
