log_index,transaction_hash,transaction_index,block_hash,block_number,address,data,topics
0,0x63ee6d44a3c25ab244d4d47a2de212544a017e79d1a829a294d69f71134a7474,0,0xabd32259e01f7f37854c0c95ebbeaaf04c18eca5fa059747f693d350b8bc28ed,363,0x0000000000000000000000000000000000001006,0x000000000000000000000000446aa6e0dc65690403df3f127750da1322941f3e,0xdb33a09d38b59a8fa8b7d92a1d82c8015e99f05f67ae9c9ae623157767959496
1,0x6971eb54baa66b420b6c58172bd1ff17e1119e2c11cfdc92c45eb920675c1bf6,1,0xabd32259e01f7f37854c0c95ebbeaaf04c18eca5fa059747f693d350b8bc28ed,363,0x0000000000000000000000000000000000001002,0x0000000000000000000000000000000000000000000000000000645e51147a80,"0x6c98249d85d88c3753a04a22230f595e4dc8d3dc86c34af35deeeedc861b89db,0x0000000000000000000000006488aa4d1955ee33403f8ccb1d4de5fb97c7ade2"
2,0x7a8ea16a733d7720b4ba92e1c462e8480ac19163b44e65d08aa4a161f4aeabb4,2,0xabd32259e01f7f37854c0c95ebbeaaf04c18eca5fa059747f693d350b8bc28ed,363,0x0000000000000000000000000000000000001000,0x0000000000000000000000000000000000000000000000000005e186c0332d80,"0x93a090ecc682c002995fad3c85b30c5651d7fd29b0be5da9d784a3302aedc055,0x0000000000000000000000006488aa4d1955ee33403f8ccb1d4de5fb97c7ade2"
0,0x8bede44fa968a10ca99550c297cf57195f1a20fd5e5682347f21a67a7e260f5d,0,0xe28f876a58f8456d78ac2f2caaf5c8f02d40fee459f9e1200c55044d6b56fa40,398,0x0000000000000000000000000000000000001006,0x000000000000000000000000b005741528b86f5952469d80a8614591e3c5b632,0xdb33a09d38b59a8fa8b7d92a1d82c8015e99f05f67ae9c9ae623157767959496
1,0x0833b0c78e81ed8c72e72ba73ad3c17af7c0e247ff5d5e8e1e44050a9e064b80,1,0xe28f876a58f8456d78ac2f2caaf5c8f02d40fee459f9e1200c55044d6b56fa40,398,0x0000000000000000000000000000000000001002,0x0000000000000000000000000000000000000000000000000000645e51147a80,"0x6c98249d85d88c3753a04a22230f595e4dc8d3dc86c34af35deeeedc861b89db,0x000000000000000000000000ee01c3b1283aa067c58eab4709f85e99d46de5fe"
2,0xfdb98a7a1772995740525b98e8b7902105038c5ffb8c8718d64cc89386a41877,2,0xe28f876a58f8456d78ac2f2caaf5c8f02d40fee459f9e1200c55044d6b56fa40,398,0x0000000000000000000000000000000000001000,0x0000000000000000000000000000000000000000000000000005e186c0332d80,"0x93a090ecc682c002995fad3c85b30c5651d7fd29b0be5da9d784a3302aedc055,0x000000000000000000000000ee01c3b1283aa067c58eab4709f85e99d46de5fe"
0,0x9ebc5237eabb339a103a34daf280db3d9498142b49fa47f1af71f64a605acffa,2,0x04055304e432294a65ff31069c4d3092ff8b58f009cdb50eba5351e0332ad0f6,1,0x0000000000000000000000000000000000001003,0x0000000000000000000000000000000000000000000000000000000006915167cedaf7bbf7df47d932fdda630527ee648562cf3e52c5e5f46156a3a971a4ceb4,0x5ac9b37d571677b80957ca05693f371526c602fd08042b416a29fdab7efefa49
0,0x1d06a9d52255a2a4385d55093aec7671f3d7f6d83d4cd438991be8b6588e9b91,0,0xe9296d312a937cdefc201a8fe80dbfa8a9c958ada9e863ddbb324804722f1de0,2,0x0000000000000000000000000000000000001001,0x,"0xddb6012116e51abf5436d956a4f0ebd927e92c576ff96d7918290c8782291e3e,0x0000000000000000000000002d4c407bbe49438ed859fe965b140dcf1aab71a9"
0,0x2f9d8406e92d38d32b9873004dca9bffb8b2fe29fec97c22a3d541f124e4c44b,0,0x8aca9ab99dd4f3f4ac05d4cb00b6900c53af465e693f0d21598df99545494589,4,0x0000000000000000000000000000000000001001,0x,"0xddb6012116e51abf5436d956a4f0ebd927e92c576ff96d7918290c8782291e3e,0x00000000000000000000000035e7a025f4da968de7e4d7e4004197917f4070f1"
0,0xf5c280e505ce3747f1167658e91f908893e41115b85f5cc284c5a149e2722f1f,0,0xccb5d33f94d234f2bdce1acef59d5eb9193edc50692b82b6e0f80a8345ac7e6f,5,0x0000000000000000000000000000000000001001,0x,"0xddb6012116e51abf5436d956a4f0ebd927e92c576ff96d7918290c8782291e3e,0x0000000000000000000000004430b3230294d12c6ab2aac5c2cd68e80b16b581"
0,0x3476236442c820896c80dccbae268ee03fb504987b75be6ab8edec763be1fdb2,0,0x101ca6f20088779697097a7f2650c41fa06d34e3fc556a339916b85ca63298ef,6,0x0000000000000000000000000000000000001001,0x,"0xddb6012116e51abf5436d956a4f0ebd927e92c576ff96d7918290c8782291e3e,0x0000000000000000000000006488aa4d1955ee33403f8ccb1d4de5fb97c7ade2"
0,0x073856586043678ddd29da73a6a5073ea04da2c5a662510bd625393587442734,0,0xdc89e0d9c3ea1d69969b6fff04df3a724a5354f31718f99294517e9ee67c9bab,8,0x0000000000000000000000000000000000001001,0x,"0xddb6012116e51abf5436d956a4f0ebd927e92c576ff96d7918290c8782291e3e,0x00000000000000000000000068bf0b8b6fb4e317a0f9d6f03eaf8ce6675bc60d"
0,0x11d7b9d99969073db55e3f63dd1de9ba373ee557ac410d610d433c8ae74e4349,0,0x21a91c3528d3dc839a1fdbd4d4442866acb61eb5799a32da6a66aebcdedd8dea,9,0x0000000000000000000000000000000000001001,0x,"0xddb6012116e51abf5436d956a4f0ebd927e92c576ff96d7918290c8782291e3e,0x0000000000000000000000006bbad7cf34b5fa511d8e963dbba288b1960e75d6"
0,0x19eaae1f7bdd28605f4175d7e87c9de68431bf76e85a262e268252a84bfc3984,0,0xa78e7a9c6910fea66a981389735e0c652f1625905c6e0dca08d3f5c1694b7cc4,11,0x0000000000000000000000000000000000001001,0x,"0xddb6012116e51abf5436d956a4f0ebd927e92c576ff96d7918290c8782291e3e,0x0000000000000000000000007ae2f5b9e386cd1b50a4550696d957cb4900f03a"
0,0xf2e58e0efd0396a6db02b627e60b6d3a16947ab76de518f74ec4b4641a22e2fe,0,0x51a6ebadc02f5150af6e0c034e595f212d2c7b20e939d59633c2978b100674d8,12,0x0000000000000000000000000000000000001001,0x,"0xddb6012116e51abf5436d956a4f0ebd927e92c576ff96d7918290c8782291e3e,0x00000000000000000000000082012708dafc9e1b880fd083b32182b869be8e09"
0,0x07fa082553751bba741911de9480cf5c890a59a8f29a84b58e14e49720c5d3f7,0,0x7d0b079792fb1ed4d921483309793e5c226f138dbd5f3f69e9ceae70ef8a8348,13,0x0000000000000000000000000000000000001001,0x,"0xddb6012116e51abf5436d956a4f0ebd927e92c576ff96d7918290c8782291e3e,0x0000000000000000000000008c4d90829ce8f72d0163c1d5cf348a862d550630"
0,0x7250a4963625b2b2ceecb41a8acc43809ace47df88453abf39283d56dec191d1,0,0x2df2f06983e1113331cbdf49cf0b660afc63c27bcc420406136f7815ae9a3a6e,21,0x0000000000000000000000000000000000001001,0x,"0xddb6012116e51abf5436d956a4f0ebd927e92c576ff96d7918290c8782291e3e,0x00000000000000000000000022b81f8e175ffde54d797fe11eb03f9e3bf75f1d"
0,0x578bea09ad535fb2a23372c21d3355f44bb3818ebbda46e7ca1c14e04ba69bac,0,0xe9d7ac1ef296259ef8fc71601db7da8436cd13bb1c11b465233ef331646dba7c,25,0x0000000000000000000000000000000000001001,0x,"0xddb6012116e51abf5436d956a4f0ebd927e92c576ff96d7918290c8782291e3e,0x00000000000000000000000035e7a025f4da968de7e4d7e4004197917f4070f1"
0,0x4b9c304a7bb1bb1f4b2fe25885fb355e543f8fe92d861e8c12208423911761f0,0,0xf3b51a03417a1aa0d618ae84e08da26e4577e17b57e35ce8347cf6c549c36aa2,32,0x0000000000000000000000000000000000001001,0x,"0xddb6012116e51abf5436d956a4f0ebd927e92c576ff96d7918290c8782291e3e,0x0000000000000000000000007ae2f5b9e386cd1b50a4550696d957cb4900f03a"
0,0x4409016df724882f73fe2db9c98ac162c7bd5a3fab8c9ecb889099f78fcc25e9,0,0x88acc5133fb7817ad1bcb26dc690dddd3279f82be22f36319084ddaf579dcb96,958,0x0000000000000000000000000000000000001003,0x0000000000000000000000000000000000000000000000000000000006918cdd0000000000000000000000000000000000000000000000000000000006915167e3b9bab87355ae89936e1e5a333118820c18b4ddb60706ee5e837a0bad7a1de80000000000000000000000000000000000000000000000000000000000000000,0x4042c1020a8f410fb1c8859d276ab436aeb2c3074960e48467299cf1c966d3b4
1,0x4d74a6fc84d57f18b8e1dfa07ee517c4feb296d16a8353ee41adc03669982028,1,0x88acc5133fb7817ad1bcb26dc690dddd3279f82be22f36319084ddaf579dcb96,958,0x0000000000000000000000000000000000002000,0x0000000000000000000000000000000000000000000000000000000000000000,"0x36afdaf439a8f43fe72135135d804ae620b37a474f0943b5b85f6788312cad40,0x0000000000000000000000000000000000000000000000000000000000000000,0x0000000000000000000000000000000000000000000000000000000000000002"
2,0x4d74a6fc84d57f18b8e1dfa07ee517c4feb296d16a8353ee41adc03669982028,1,0x88acc5133fb7817ad1bcb26dc690dddd3279f82be22f36319084ddaf579dcb96,958,0x0000000000000000000000000000000000001004,0x00000000000000000000000000000000000000000000000000000000000000000000000000000000000000004e656459ed25bf986eea1196bc1b00665401645d00000000000000000000000000000000000000000000000000005af3107a4000,0x471eb9cc1ffe55ffadf15b32595415eb9d80f22e761d24bd6dffc607e1284d59
3,0x4d74a6fc84d57f18b8e1dfa07ee517c4feb296d16a8353ee41adc03669982028,1,0x88acc5133fb7817ad1bcb26dc690dddd3279f82be22f36319084ddaf579dcb96,958,0x0000000000000000000000000000000000001004,0x000000000000000000000000000000000000000000000000000000000000100500000000000000000000000000000000000000000000000000038d7ea4c68000,0xf8b71c64315fc33b2ead2adfa487955065152a8ac33d9d5193aafd7f45dc15a0
4,0xe91d533899194836a9ed9b325f052f4cf1ad556e1662e945b5967eefafe030b1,2,0x88acc5133fb7817ad1bcb26dc690dddd3279f82be22f36319084ddaf579dcb96,958,0x0000000000000000000000000000000000001002,0x0000000000000000000000000000000000000000000000000002879b59d17080,"0x6c98249d85d88c3753a04a22230f595e4dc8d3dc86c34af35deeeedc861b89db,0x0000000000000000000000008c4d90829ce8f72d0163c1d5cf348a862d550630"
5,0x6be57dba4e17a35a7222a998b7157ef9e998bc0dedcf3f5ea60d42d5d5734226,3,0x88acc5133fb7817ad1bcb26dc690dddd3279f82be22f36319084ddaf579dcb96,958,0x0000000000000000000000000000000000001000,0x0000000000000000000000000000000000000000000000000025f21a43459780,"0x93a090ecc682c002995fad3c85b30c5651d7fd29b0be5da9d784a3302aedc055,0x0000000000000000000000008c4d90829ce8f72d0163c1d5cf348a862d550630"
0,0x5843fcb7c04777fe39cf63221c750811b7a25427cf6bdff6165cdaaeeb647d83,0,0x896fa69748a89f9511eb6be9514d80600eaff070c38caab8d14ef9e20da8df98,1084,0x0000000000000000000000000000000000001003,0x00000000000000000000000000000000000000000000000000000000069190650000000000000000000000000000000000000000000000000000000006915167cf3b69b45f0600575177ce3a8b5850a3d8c3caa2a231d45e5795230e3cac39b60000000000000000000000000000000000000000000000000000000000000000,0x4042c1020a8f410fb1c8859d276ab436aeb2c3074960e48467299cf1c966d3b4
1,0x86657b250b6f129f6ba5d249f717c20b05f899a80ce440696a468c702be9a642,1,0x896fa69748a89f9511eb6be9514d80600eaff070c38caab8d14ef9e20da8df98,1084,0x0000000000000000000000000000000000002000,0x0000000000000000000000000000000000000000000000000000000000000000,"0x36afdaf439a8f43fe72135135d804ae620b37a474f0943b5b85f6788312cad40,0x0000000000000000000000000000000000000000000000000000000000000001,0x0000000000000000000000000000000000000000000000000000000000000002"
2,0x86657b250b6f129f6ba5d249f717c20b05f899a80ce440696a468c702be9a642,1,0x896fa69748a89f9511eb6be9514d80600eaff070c38caab8d14ef9e20da8df98,1084,0x0000000000000000000000000000000000001004,0x00000000000000000000000000000000000000000000000000000000000000000000000000000000000000004e656459ed25bf986eea1196bc1b00665401645d00000000000000000000000000000000000000000000000000005af3107a4000,0x471eb9cc1ffe55ffadf15b32595415eb9d80f22e761d24bd6dffc607e1284d59
3,0x86657b250b6f129f6ba5d249f717c20b05f899a80ce440696a468c702be9a642,1,0x896fa69748a89f9511eb6be9514d80600eaff070c38caab8d14ef9e20da8df98,1084,0x0000000000000000000000000000000000001004,0x000000000000000000000000000000000000000000000000000000000000100500000000000000000000000000000000000000000000000000038d7ea4c68000,0xf8b71c64315fc33b2ead2adfa487955065152a8ac33d9d5193aafd7f45dc15a0
4,0x96bae10c9bd41bb581bf538dc9ca30d43d003068035431ee1f85aa63815b5cce,2,0x896fa69748a89f9511eb6be9514d80600eaff070c38caab8d14ef9e20da8df98,1084,0x0000000000000000000000000000000000001002,0x0000000000000000000000000000000000000000000000000001faf5d689d780,"0x6c98249d85d88c3753a04a22230f595e4dc8d3dc86c34af35deeeedc861b89db,0x0000000000000000000000008c4d90829ce8f72d0163c1d5cf348a862d550630"
5,0xea6d2f025d6c2135b93d2c74a2a992c2ed80aac780298c1288b1addc2b6eb4d2,3,0x896fa69748a89f9511eb6be9514d80600eaff070c38caab8d14ef9e20da8df98,1084,0x0000000000000000000000000000000000001000,0x000000000000000000000000000000000000000000000000001db4679213a080,"0x93a090ecc682c002995fad3c85b30c5651d7fd29b0be5da9d784a3302aedc055,0x0000000000000000000000008c4d90829ce8f72d0163c1d5cf348a862d550630"
0,0x74a43ba6f3a856900c73dc4619365dc62ef4f8c9f7e31036bdc931152387d64e,2,0xa6c0c35acd3ea4fb2f65d61515b4f48c5a288e8899ab7e06f5fa997527989a06,1085,0x0000000000000000000000000000000000001002,0x00000000000000000000000000000000000000000000000000009db4d5677000,"0x6c98249d85d88c3753a04a22230f595e4dc8d3dc86c34af35deeeedc861b89db,0x0000000000000000000000009ef9f4360c606c7ab4db26b016007d3ad0ab86a0"
1,0x4693eb4fee8d6bbe70eedd5cd20435590f3a62116fb112e3e5432075425e3cee,3,0xa6c0c35acd3ea4fb2f65d61515b4f48c5a288e8899ab7e06f5fa997527989a06,1085,0x0000000000000000000000000000000000001000,0x00000000000000000000000000000000000000000000000000093d98810f9000,"0x93a090ecc682c002995fad3c85b30c5651d7fd29b0be5da9d784a3302aedc055,0x0000000000000000000000009ef9f4360c606c7ab4db26b016007d3ad0ab86a0"
0,0x30885770a108af3fd8e9b8c2d5d104dd067ab0a333379a4cdd1991cb80d23a28,0,0x51bdc4233991acedb25a895c8659f6fb7607dc40626a1dcb795e57ed7ed1a673,3385,0x0000000000000000000000000000000000002000,0x00000000000000000000000000000000000000000000000000000000000000380000000000000000000000000000000000000000000000000000000000000040000000000000000000000000000000000000000000000000000000000000008f000000000000000000000000000000000000000000000000000000000000030d40f86ca0424e420000000000000000000000000000000000000000000000000000000000940000000000000000000000000000000000000000c4830186a0d594a10123c15a63135fe945a54232bae7fac8177056d5944e656459ed25bf986eea1196bc1b00665401645d845fd129990000000000000000000000000000000000,"0x3a6e0fc61675aa2a100bcba0568368bb92bcec91c97673391074f11138f0cffe,0x0000000000000000000000000000000000000000000000000000000000000000,0x0000000000000000000000000000000000000000000000000000000000000000,0x0000000000000000000000000000000000000000000000000000000000000003"
1,0x30885770a108af3fd8e9b8c2d5d104dd067ab0a333379a4cdd1991cb80d23a28,0,0x51bdc4233991acedb25a895c8659f6fb7607dc40626a1dcb795e57ed7ed1a673,3385,0x0000000000000000000000000000000000001004,0x00000000000000000000000000000000000000000000000000000000000000000000000000000000000000004e656459ed25bf986eea1196bc1b00665401645d00000000000000000000000000000000000000000000000000038d7ea4c6800000000000000000000000000000000000000000000000000000071afd498d0000,0x74eab09b0e53aefc23f2e1b16da593f95c2dd49c6f5a23720463d10d9c330b2a
2,0xd638d39681335a703c9ed03d389c468e3ddaf74efbbc59f0be8b0217f1281df8,1,0x51bdc4233991acedb25a895c8659f6fb7607dc40626a1dcb795e57ed7ed1a673,3385,0x0000000000000000000000000000000000001002,0x0000000000000000000000000000000000000000000000000000bc959458da40,"0x6c98249d85d88c3753a04a22230f595e4dc8d3dc86c34af35deeeedc861b89db,0x00000000000000000000000035e7a025f4da968de7e4d7e4004197917f4070f1"
3,0x4974a542f6f9e5cecb089c7101967788eccaa2d1010e45b7e280b68244f3774b,2,0x51bdc4233991acedb25a895c8659f6fb7607dc40626a1dcb795e57ed7ed1a673,3385,0x0000000000000000000000000000000000001000,0x000000000000000000000000000000000000000000000000000b0cc3b134c9c0,"0x93a090ecc682c002995fad3c85b30c5651d7fd29b0be5da9d784a3302aedc055,0x00000000000000000000000035e7a025f4da968de7e4d7e4004197917f4070f1"
0,0x785c11458dd14a2a607ebd03cc6a64df28f34459d52cc0a4ce35329c152a899c,0,0x4dc89bca6f6561cb0673d8c26a5fbaa5dd70bc4ecdc388c9bfa7b1d0445019cd,3192,0x0000000000000000000000000000000000001003,0x000000000000000000000000000000000000000000000000000000000691c8b9000000000000000000000000000000000000000000000000000000000691516772cda827a83531ca0fd7ac917a6b65649719aab0836722caafe0603147a523180000000000000000000000000000000000000000000000000000000000000000,0x4042c1020a8f410fb1c8859d276ab436aeb2c3074960e48467299cf1c966d3b4
1,0x79575ff791606ef2c7d69f430d1fee1c25ef8d56275da94e6ac49c9c4cc5f433,1,0x4dc89bca6f6561cb0673d8c26a5fbaa5dd70bc4ecdc388c9bfa7b1d0445019cd,3192,0x0000000000000000000000000000000000002000,0x0000000000000000000000000000000000000000000000000000000000000000,"0x36afdaf439a8f43fe72135135d804ae620b37a474f0943b5b85f6788312cad40,0x0000000000000000000000000000000000000000000000000000000000000002,0x0000000000000000000000000000000000000000000000000000000000000002"
2,0x79575ff791606ef2c7d69f430d1fee1c25ef8d56275da94e6ac49c9c4cc5f433,1,0x4dc89bca6f6561cb0673d8c26a5fbaa5dd70bc4ecdc388c9bfa7b1d0445019cd,3192,0x0000000000000000000000000000000000001004,0x00000000000000000000000000000000000000000000000000000000000000000000000000000000000000004e656459ed25bf986eea1196bc1b00665401645d00000000000000000000000000000000000000000000000000b1a2bc2ec50000,0x471eb9cc1ffe55ffadf15b32595415eb9d80f22e761d24bd6dffc607e1284d59
3,0x79575ff791606ef2c7d69f430d1fee1c25ef8d56275da94e6ac49c9c4cc5f433,1,0x4dc89bca6f6561cb0673d8c26a5fbaa5dd70bc4ecdc388c9bfa7b1d0445019cd,3192,0x0000000000000000000000000000000000001004,0x000000000000000000000000000000000000000000000000000000000000100500000000000000000000000000000000000000000000000000038d7ea4c68000,0xf8b71c64315fc33b2ead2adfa487955065152a8ac33d9d5193aafd7f45dc15a0
4,0xf5c62a39cd774ae46425177ff6747cfaed43edc4e92173ccc47d65ff16c0a4bd,4,0x4dc89bca6f6561cb0673d8c26a5fbaa5dd70bc4ecdc388c9bfa7b1d0445019cd,3192,0x0000000000000000000000000000000000001002,0x00000000000000000000000000000000000000000000000000023ad7dcc99780,"0x6c98249d85d88c3753a04a22230f595e4dc8d3dc86c34af35deeeedc861b89db,0x00000000000000000000000022b81f8e175ffde54d797fe11eb03f9e3bf75f1d"
5,0xabcc05f62c67e351a724c804b5f548711017f8f928a5cea61b03efe5ec957147,5,0x4dc89bca6f6561cb0673d8c26a5fbaa5dd70bc4ecdc388c9bfa7b1d0445019cd,3192,0x0000000000000000000000000000000000001000,0x000000000000000000000000000000000000000000000000002172a5efcfe080,"0x93a090ecc682c002995fad3c85b30c5651d7fd29b0be5da9d784a3302aedc055,0x00000000000000000000000022b81f8e175ffde54d797fe11eb03f9e3bf75f1d"
0,0x03b41a61a988a58a72f7e84c0cdce1c7a8778609eccad8e085eec29c5781bdfc,0,0x093cf08425d1185867c45e73a4636cfd6eccd5137f27181c5312599d5f343efd,4306,0x0000000000000000000000000000000000001001,0x,"0xddb6012116e51abf5436d956a4f0ebd927e92c576ff96d7918290c8782291e3e,0x0000000000000000000000002a7cdd959bfe8d9487b2a43b33565295a698f7e2"
0,0x4fcde5a5fa09664da2046de38bb4f22aeb81540670f649556e996a22174794d6,0,0xefdfabdb062d8a0f811e73da5a9df4056f7ec7a550c6b20c91255961a0a42a8e,4327,0x0000000000000000000000000000000000001001,0x,"0xddb6012116e51abf5436d956a4f0ebd927e92c576ff96d7918290c8782291e3e,0x0000000000000000000000002a7cdd959bfe8d9487b2a43b33565295a698f7e2"
0,0x5e75ffb16ced0652705a03e87a31d3e949ba22be001d3c14430a32860b1028a7,0,0x10d9f0e18e1d71b3f834ef2d7480740b6329cf4612079a9c23958f023c047bc8,4104,0x0000000000000000000000000000000000002000,0x00000000000000000000000000000000000000000000000000000000000000380000000000000000000000000000000000000000000000000000000000000040000000000000000000000000000000000000000000000000000000000000008f000000000000000000000000000000000000000000000000000000000000030d40f86ca0424e420000000000000000000000000000000000000000000000000000000000940000000000000000000000000000000000000000c4830186a0d594a10123c15a63135fe945a54232bae7fac8177056d5944e656459ed25bf986eea1196bc1b00665401645d845fd129990000000000000000000000000000000000,"0x3a6e0fc61675aa2a100bcba0568368bb92bcec91c97673391074f11138f0cffe,0x0000000000000000000000000000000000000000000000000000000000000001,0x0000000000000000000000000000000000000000000000000000000000000001,0x0000000000000000000000000000000000000000000000000000000000000003"
1,0x5e75ffb16ced0652705a03e87a31d3e949ba22be001d3c14430a32860b1028a7,0,0x10d9f0e18e1d71b3f834ef2d7480740b6329cf4612079a9c23958f023c047bc8,4104,0x0000000000000000000000000000000000001004,0x00000000000000000000000000000000000000000000000000000000000000000000000000000000000000004e656459ed25bf986eea1196bc1b00665401645d00000000000000000000000000000000000000000000000000038d7ea4c6800000000000000000000000000000000000000000000000000000071afd498d0000,0x74eab09b0e53aefc23f2e1b16da593f95c2dd49c6f5a23720463d10d9c330b2a
2,0xea27c556c6c609bb1ac30828553ea1293a95a5ac9870ca660816b0ef2c5019fe,1,0x10d9f0e18e1d71b3f834ef2d7480740b6329cf4612079a9c23958f023c047bc8,4104,0x0000000000000000000000000000000000001002,0x00000000000000000000000000000000000000000000000000009bd7ad229a40,"0x6c98249d85d88c3753a04a22230f595e4dc8d3dc86c34af35deeeedc861b89db,0x0000000000000000000000006bbad7cf34b5fa511d8e963dbba288b1960e75d6"
3,0x863b480902e500816c497dd56ed0dfd688c4aa2e932c30287ea9def880f429aa,2,0x10d9f0e18e1d71b3f834ef2d7480740b6329cf4612079a9c23958f023c047bc8,4104,0x0000000000000000000000000000000000001000,0x000000000000000000000000000000000000000000000000000921a3250709c0,"0x93a090ecc682c002995fad3c85b30c5651d7fd29b0be5da9d784a3302aedc055,0x0000000000000000000000006bbad7cf34b5fa511d8e963dbba288b1960e75d6"
0,0xcc825d962c0d081129b6ce96a3896055d4bfb2e2d659aadb9e2eef49a970ab90,0,0xe030604a00d4fdc06cb9272f4639804ffe5c5b3e84cbb760232c2e86e5e04c61,4264,0x0000000000000000000000000000000000001001,0x,"0xddb6012116e51abf5436d956a4f0ebd927e92c576ff96d7918290c8782291e3e,0x0000000000000000000000002a7cdd959bfe8d9487b2a43b33565295a698f7e2"
0,0x94332a4548deabede3b340d5591aea82296804a2ebf68f569293dda98fe572ce,0,0xb99f7e72cd05149bf2b25aa48bc1705945b6286d67bb991645f56918d099176b,4284,0x0000000000000000000000000000000000001001,0x,"0xddb6012116e51abf5436d956a4f0ebd927e92c576ff96d7918290c8782291e3e,0x00000000000000000000000022b81f8e175ffde54d797fe11eb03f9e3bf75f1d"
0,0xf6e449fba86a49b7970d41faa1e545db065a8379cf5c60d512b1adef5ab7ce47,0,0x892554dbedac483c3f55cb3dc5a20117a7b7c0c96275fedd69820d78c03493d7,4285,0x0000000000000000000000000000000000001001,0x,"0xddb6012116e51abf5436d956a4f0ebd927e92c576ff96d7918290c8782291e3e,0x0000000000000000000000002a7cdd959bfe8d9487b2a43b33565295a698f7e2"
0,0x8905c38df3659053f2ca3ff974bdf425ea45e5eb139eccb4f196c8b539b06881,0,0xede6c732550057a390aca0dafffa5a4f24cb45f2309435220e00da084f9cb260,4438,0x0000000000000000000000000000000000001001,0x,"0xddb6012116e51abf5436d956a4f0ebd927e92c576ff96d7918290c8782291e3e,0x000000000000000000000000685b1ded8013785d6623cc18d214320b6bb64759"
0,0x33a940bdfad54bb16ae27a8c1d021bab53eadab2acf916f7d0d2402a852f7f00,0,0x39d1ed51a3efb78b10938de196c422b87231ea229ffefc77b9285e82c52790e4,4459,0x0000000000000000000000000000000000001001,0x,"0xddb6012116e51abf5436d956a4f0ebd927e92c576ff96d7918290c8782291e3e,0x000000000000000000000000685b1ded8013785d6623cc18d214320b6bb64759"
0,0x22f6fe746a850ba4a7e627b643b8ad808606dfbdb309a7d86f446901a28232e2,0,0xa1ec05410740e235f174244bd609a41744b1ef850437062daba020e26d41b330,4463,0x0000000000000000000000000000000000001001,0x,"0xddb6012116e51abf5436d956a4f0ebd927e92c576ff96d7918290c8782291e3e,0x0000000000000000000000007ae2f5b9e386cd1b50a4550696d957cb4900f03a"
0,0xc91eb0b842c603cfa75d291d78260b98a0ef961b122e2b6998ae4562810f6f32,0,0xb946a7fbec723086f5af76e2bf825fd1ad3d0520b8d56fbba56621a05eb70a90,4480,0x0000000000000000000000000000000000001001,0x,"0xddb6012116e51abf5436d956a4f0ebd927e92c576ff96d7918290c8782291e3e,0x000000000000000000000000685b1ded8013785d6623cc18d214320b6bb64759"
0,0x26b08a9ea7f58eb10de4b208d60bc4c156afe3fb405959d695a15c3bc4f820ed,0,0xd0288f4b3292b730a86369993ef1fbd3b03f9834374ae7b5957135ba31eb37c2,4526,0x0000000000000000000000000000000000001001,0x,"0xddb6012116e51abf5436d956a4f0ebd927e92c576ff96d7918290c8782291e3e,0x0000000000000000000000007ae2f5b9e386cd1b50a4550696d957cb4900f03a"
0,0xb080b802867d77af1fa50b8208356594d22d4625465639dfd65889c74738eb79,0,0xfecbb1905e50eb6e67b36ab01d53aa5e8f45b8c2d9227ee4313fd7c353accdb7,4547,0x0000000000000000000000000000000000001001,0x,"0xddb6012116e51abf5436d956a4f0ebd927e92c576ff96d7918290c8782291e3e,0x0000000000000000000000007ae2f5b9e386cd1b50a4550696d957cb4900f03a"
0,0x0fa744e8305ad6ef2843226731c7eb4a4521ec6362d276c90d5775da08fc0338,0,0xc7cfd7c54e55d9342fb9bddab83e8a36f57294be575dfb42015a37983a00eff7,4595,0x0000000000000000000000000000000000001001,0x,"0xddb6012116e51abf5436d956a4f0ebd927e92c576ff96d7918290c8782291e3e,0x000000000000000000000000ce2fd7544e0b2cc94692d4a704debef7bcb61328"
0,0x2534546f6521d2e4fe8ed4dd05089921e9096ad5136508a47956f554a201b7b1,0,0x34176c9e5ff41cafea98ca2f92821f79bcc485c9b0d32377b4bf999129aba31b,4611,0x0000000000000000000000000000000000001001,0x,"0xddb6012116e51abf5436d956a4f0ebd927e92c576ff96d7918290c8782291e3e,0x00000000000000000000000082012708dafc9e1b880fd083b32182b869be8e09"
0,0xb9ed9293ca731e8368560cb10d465fa0db830a71c2fabe955f7c04feb7ab57bb,0,0x4018dc8c5d072cbf60343568e04d1b2f25b9b30182fa121da5ed9a33e48f93df,4616,0x0000000000000000000000000000000000001001,0x,"0xddb6012116e51abf5436d956a4f0ebd927e92c576ff96d7918290c8782291e3e,0x000000000000000000000000ce2fd7544e0b2cc94692d4a704debef7bcb61328"
0,0xfe04db3f2d80503a0d3faad0af14bfe6c9ac5e03db9b90612f046c7da4215753,0,0xc2e67f55c400bcebaaa88dd87278b2add0f2b035a59503a44dee0ef955327cbe,4637,0x0000000000000000000000000000000000001001,0x,"0xddb6012116e51abf5436d956a4f0ebd927e92c576ff96d7918290c8782291e3e,0x000000000000000000000000ce2fd7544e0b2cc94692d4a704debef7bcb61328"
0,0x34433e27a2e61005ffbb94fc6156ce5f904349bfd14fcf208c0ffc05996324eb,0,0x1525eed42ecc5159c0283de50d9fd1ac1e0d666c91babdd4234837816e39296f,4777,0x0000000000000000000000000000000000001003,0x000000000000000000000000000000000000000000000000000000000691f55500000000000000000000000000000000000000000000000000000000069151678c8633e367e6c61563ff400a23784c39428bf25077f8e6fa8a9c67807c3ce46b0000000000000000000000000000000000000000000000000000000000000000,0x4042c1020a8f410fb1c8859d276ab436aeb2c3074960e48467299cf1c966d3b4
1,0xaa2a09992a60371307300538863f1efcd15d1e52830b866ca44cbd8d58e477b1,1,0x1525eed42ecc5159c0283de50d9fd1ac1e0d666c91babdd4234837816e39296f,4777,0x0000000000000000000000000000000000002000,0x0000000000000000000000000000000000000000000000000000000000000000,"0x36afdaf439a8f43fe72135135d804ae620b37a474f0943b5b85f6788312cad40,0x0000000000000000000000000000000000000000000000000000000000000003,0x0000000000000000000000000000000000000000000000000000000000000002"
2,0xaa2a09992a60371307300538863f1efcd15d1e52830b866ca44cbd8d58e477b1,1,0x1525eed42ecc5159c0283de50d9fd1ac1e0d666c91babdd4234837816e39296f,4777,0x0000000000000000000000000000000000001004,0x00000000000000000000000000000000000000000000000000000000000000000000000000000000000000004e656459ed25bf986eea1196bc1b00665401645d00000000000000000000000000000000000000000000000000005af3107a4000,0x471eb9cc1ffe55ffadf15b32595415eb9d80f22e761d24bd6dffc607e1284d59
3,0xaa2a09992a60371307300538863f1efcd15d1e52830b866ca44cbd8d58e477b1,1,0x1525eed42ecc5159c0283de50d9fd1ac1e0d666c91babdd4234837816e39296f,4777,0x0000000000000000000000000000000000001004,0x000000000000000000000000000000000000000000000000000000000000100500000000000000000000000000000000000000000000000000038d7ea4c68000,0xf8b71c64315fc33b2ead2adfa487955065152a8ac33d9d5193aafd7f45dc15a0
4,0x0aa63ed3bf4be9cec682ec9c212b10bb56f06a7bd7bd7f10e473be02555b91f9,4,0x1525eed42ecc5159c0283de50d9fd1ac1e0d666c91babdd4234837816e39296f,4777,0x0000000000000000000000000000000000001002,0x0000000000000000000000000000000000000000000000000002ff2139f85140,"0x6c98249d85d88c3753a04a22230f595e4dc8d3dc86c34af35deeeedc861b89db,0x00000000000000000000000078f3adfc719c99674c072166708589033e2d9afe"
5,0xa88bc942b249dbbe8aaf621f2c81169e7e0ab058865e5cc25f1c496e1a1310a5,5,0x1525eed42ecc5159c0283de50d9fd1ac1e0d666c91babdd4234837816e39296f,4777,0x0000000000000000000000000000000000001000,0x000000000000000000000000000000000000000000000000002cf2f2658cc2c0,"0x93a090ecc682c002995fad3c85b30c5651d7fd29b0be5da9d784a3302aedc055,0x00000000000000000000000078f3adfc719c99674c072166708589033e2d9afe"
0,0xd0f37fb65635ea613fcd654dda7f417497100fa456100727313256485f6cf13c,0,0xf691de8238195b62f1d59ac223ca0477c5ecf555699d829e2c2abd9cacd4f673,5561,0x0000000000000000000000000000000000001003,0x0000000000000000000000000000000000000000000000000000000006920b21000000000000000000000000000000000000000000000000000000000691516747098a5a517e3e2d53dbdb6d1639989103c98a8ae66e17b38c9947d1b84bf2d00000000000000000000000000000000000000000000000000000000000000000,0x4042c1020a8f410fb1c8859d276ab436aeb2c3074960e48467299cf1c966d3b4
1,0x329148b72b4bde1fb77fb3d27bca0e451f2879e5dfd7bb7027dbd9eb7bbf067b,1,0xf691de8238195b62f1d59ac223ca0477c5ecf555699d829e2c2abd9cacd4f673,5561,0x0000000000000000000000000000000000002000,0x0000000000000000000000000000000000000000000000000000000000000000,"0x36afdaf439a8f43fe72135135d804ae620b37a474f0943b5b85f6788312cad40,0x0000000000000000000000000000000000000000000000000000000000000004,0x0000000000000000000000000000000000000000000000000000000000000002"
2,0x329148b72b4bde1fb77fb3d27bca0e451f2879e5dfd7bb7027dbd9eb7bbf067b,1,0xf691de8238195b62f1d59ac223ca0477c5ecf555699d829e2c2abd9cacd4f673,5561,0x0000000000000000000000000000000000001004,0x00000000000000000000000000000000000000000000000000000000000000000000000000000000000000004e656459ed25bf986eea1196bc1b00665401645d00000000000000000000000000000000000000000000000000005af3107a4000,0x471eb9cc1ffe55ffadf15b32595415eb9d80f22e761d24bd6dffc607e1284d59
3,0x329148b72b4bde1fb77fb3d27bca0e451f2879e5dfd7bb7027dbd9eb7bbf067b,1,0xf691de8238195b62f1d59ac223ca0477c5ecf555699d829e2c2abd9cacd4f673,5561,0x0000000000000000000000000000000000001004,0x000000000000000000000000000000000000000000000000000000000000100500000000000000000000000000000000000000000000000000038d7ea4c68000,0xf8b71c64315fc33b2ead2adfa487955065152a8ac33d9d5193aafd7f45dc15a0
4,0xb2ca1a8f5cf216b1bdab648eb43d3ee0e7c75b2a197c71663ede2e409d33e739,4,0xf691de8238195b62f1d59ac223ca0477c5ecf555699d829e2c2abd9cacd4f673,5561,0x0000000000000000000000000000000000001002,0x00000000000000000000000000000000000000000000000000023226dfe69d00,"0x6c98249d85d88c3753a04a22230f595e4dc8d3dc86c34af35deeeedc861b89db,0x000000000000000000000000ce2fd7544e0b2cc94692d4a704debef7bcb61328"
5,0x1741e6a75da0c44433f35a07d651ca9a0ad46043e891e0e7ea7e591ca37a4e74,5,0xf691de8238195b62f1d59ac223ca0477c5ecf555699d829e2c2abd9cacd4f673,5561,0x0000000000000000000000000000000000001000,0x0000000000000000000000000000000000000000000000000020f0471e833300,"0x93a090ecc682c002995fad3c85b30c5651d7fd29b0be5da9d784a3302aedc055,0x000000000000000000000000ce2fd7544e0b2cc94692d4a704debef7bcb61328"
0,0x754e177dc31745495e311118499287e60433370007c31e221b0590c80528d35e,0,0xe3d2ac2858bdd56adb84f4d6a30303f65c6cb61deb48efa6d994d519ae6b1363,5657,0x0000000000000000000000000000000000001003,0x0000000000000000000000000000000000000000000000000000000006920da100000000000000000000000000000000000000000000000000000000069151674a777b13e796ff68a21304b051a76e64e975e78d53357a0c59df90041945ddcc0000000000000000000000000000000000000000000000000000000000000000,0x4042c1020a8f410fb1c8859d276ab436aeb2c3074960e48467299cf1c966d3b4
1,0xf520ae79e9c358cf34246c3f1a4785d2c00243a63ead508c880f225a6499cc84,1,0xe3d2ac2858bdd56adb84f4d6a30303f65c6cb61deb48efa6d994d519ae6b1363,5657,0x0000000000000000000000000000000000002000,0x0000000000000000000000000000000000000000000000000000000000000000,"0x36afdaf439a8f43fe72135135d804ae620b37a474f0943b5b85f6788312cad40,0x0000000000000000000000000000000000000000000000000000000000000005,0x0000000000000000000000000000000000000000000000000000000000000002"
2,0xf520ae79e9c358cf34246c3f1a4785d2c00243a63ead508c880f225a6499cc84,1,0xe3d2ac2858bdd56adb84f4d6a30303f65c6cb61deb48efa6d994d519ae6b1363,5657,0x0000000000000000000000000000000000001004,0x00000000000000000000000000000000000000000000000000000000000000000000000000000000000000004e656459ed25bf986eea1196bc1b00665401645d00000000000000000000000000000000000000000000000000005af3107a4000,0x471eb9cc1ffe55ffadf15b32595415eb9d80f22e761d24bd6dffc607e1284d59
3,0xf520ae79e9c358cf34246c3f1a4785d2c00243a63ead508c880f225a6499cc84,1,0xe3d2ac2858bdd56adb84f4d6a30303f65c6cb61deb48efa6d994d519ae6b1363,5657,0x0000000000000000000000000000000000001004,0x000000000000000000000000000000000000000000000000000000000000100500000000000000000000000000000000000000000000000000038d7ea4c68000,0xf8b71c64315fc33b2ead2adfa487955065152a8ac33d9d5193aafd7f45dc15a0
4,0x8e2acdf12bae4b3fff59a124fb1a1092091aef07eddbbb42e16217f764ef4c3b,4,0xe3d2ac2858bdd56adb84f4d6a30303f65c6cb61deb48efa6d994d519ae6b1363,5657,0x0000000000000000000000000000000000001002,0x00000000000000000000000000000000000000000000000000023fbd12c9b880,"0x6c98249d85d88c3753a04a22230f595e4dc8d3dc86c34af35deeeedc861b89db,0x00000000000000000000000068bf0b8b6fb4e317a0f9d6f03eaf8ce6675bc60d"
5,0x51467224d4b21e10d7baf8af67ad436e2625074803a616db269314ca42f8c5a5,5,0xe3d2ac2858bdd56adb84f4d6a30303f65c6cb61deb48efa6d994d519ae6b1363,5657,0x0000000000000000000000000000000000001000,0x0000000000000000000000000000000000000000000000000021bc1419d1cf80,"0x93a090ecc682c002995fad3c85b30c5651d7fd29b0be5da9d784a3302aedc055,0x00000000000000000000000068bf0b8b6fb4e317a0f9d6f03eaf8ce6675bc60d"
0,0xc063bbe1dce692ea7839f07cc211771741406f875ca8442b4ef30e79612e8114,0,0x74cabaa7b905ced98938392e96aee407abec4ec6a0835cccf535ccc4eca405fc,5669,0x0000000000000000000000000000000000001003,0x0000000000000000000000000000000000000000000000000000000006920df100000000000000000000000000000000000000000000000000000000069151673e57825efd3788e56ced2562855c9b420b8f555b85ab9b52a8c3275751f9f3de0000000000000000000000000000000000000000000000000000000000000000,0x4042c1020a8f410fb1c8859d276ab436aeb2c3074960e48467299cf1c966d3b4
1,0x1dd1d00ea2a2fdf3abb4bf2cf2583b5ab18a19cd60bd05f67c0e7e0b521d281b,1,0x74cabaa7b905ced98938392e96aee407abec4ec6a0835cccf535ccc4eca405fc,5669,0x0000000000000000000000000000000000002000,0x0000000000000000000000000000000000000000000000000000000000000000,"0x36afdaf439a8f43fe72135135d804ae620b37a474f0943b5b85f6788312cad40,0x0000000000000000000000000000000000000000000000000000000000000006,0x0000000000000000000000000000000000000000000000000000000000000002"
2,0x1dd1d00ea2a2fdf3abb4bf2cf2583b5ab18a19cd60bd05f67c0e7e0b521d281b,1,0x74cabaa7b905ced98938392e96aee407abec4ec6a0835cccf535ccc4eca405fc,5669,0x0000000000000000000000000000000000001004,0x00000000000000000000000000000000000000000000000000000000000000000000000000000000000000004e656459ed25bf986eea1196bc1b00665401645d00000000000000000000000000000000000000000000000000005af3107a4000,0x471eb9cc1ffe55ffadf15b32595415eb9d80f22e761d24bd6dffc607e1284d59
3,0x1dd1d00ea2a2fdf3abb4bf2cf2583b5ab18a19cd60bd05f67c0e7e0b521d281b,1,0x74cabaa7b905ced98938392e96aee407abec4ec6a0835cccf535ccc4eca405fc,5669,0x0000000000000000000000000000000000001004,0x000000000000000000000000000000000000000000000000000000000000100500000000000000000000000000000000000000000000000000038d7ea4c68000,0xf8b71c64315fc33b2ead2adfa487955065152a8ac33d9d5193aafd7f45dc15a0
4,0x18c91f1517d7f0d6f9f100c350ca48b6ba49773bc535f63c463b5434bf6bdd8e,4,0x74cabaa7b905ced98938392e96aee407abec4ec6a0835cccf535ccc4eca405fc,5669,0x0000000000000000000000000000000000001002,0x00000000000000000000000000000000000000000000000000023e2d2fcf8180,"0x6c98249d85d88c3753a04a22230f595e4dc8d3dc86c34af35deeeedc861b89db,0x000000000000000000000000ee01c3b1283aa067c58eab4709f85e99d46de5fe"
5,0x5e6984ebefd7f166479a021c71c4c95e86047b346cff440a98fb8660087ce305,5,0x74cabaa7b905ced98938392e96aee407abec4ec6a0835cccf535ccc4eca405fc,5669,0x0000000000000000000000000000000000001000,0x0000000000000000000000000000000000000000000000000021a4a5cd289680,"0x93a090ecc682c002995fad3c85b30c5651d7fd29b0be5da9d784a3302aedc055,0x000000000000000000000000ee01c3b1283aa067c58eab4709f85e99d46de5fe"
0,0xce1a3a009749748cadcf013fe16caf3bd9db92bc93ae26585d9befc5b02a0ad0,0,0xd359a219b57157287b0965e01003944c73e926fc1374c6b075e831b50c54a049,6584,0x0000000000000000000000000000000000001003,0x00000000000000000000000000000000000000000000000000000000069226a10000000000000000000000000000000000000000000000000000000006915167c24070396dbc2fcedcd9e5e2d5271db83547467ab77fdf756030be88b6bcfe320000000000000000000000000000000000000000000000000000000000000000,0x4042c1020a8f410fb1c8859d276ab436aeb2c3074960e48467299cf1c966d3b4
1,0xba29b6ef547e0b5c8e003f1532d3d759c1051c35f1ecd59793ccc68a4037f430,1,0xd359a219b57157287b0965e01003944c73e926fc1374c6b075e831b50c54a049,6584,0x0000000000000000000000000000000000002000,0x0000000000000000000000000000000000000000000000000000000000000000,"0x36afdaf439a8f43fe72135135d804ae620b37a474f0943b5b85f6788312cad40,0x0000000000000000000000000000000000000000000000000000000000000007,0x0000000000000000000000000000000000000000000000000000000000000002"
2,0xba29b6ef547e0b5c8e003f1532d3d759c1051c35f1ecd59793ccc68a4037f430,1,0xd359a219b57157287b0965e01003944c73e926fc1374c6b075e831b50c54a049,6584,0x0000000000000000000000000000000000001004,0x00000000000000000000000000000000000000000000000000000000000000000000000000000000000000009718747131a54a03fd31ac629979e5b61ccfb19700000000000000000000000000000000000000000000000002c68af0bb140000,0x471eb9cc1ffe55ffadf15b32595415eb9d80f22e761d24bd6dffc607e1284d59
3,0xba29b6ef547e0b5c8e003f1532d3d759c1051c35f1ecd59793ccc68a4037f430,1,0xd359a219b57157287b0965e01003944c73e926fc1374c6b075e831b50c54a049,6584,0x0000000000000000000000000000000000001004,0x000000000000000000000000000000000000000000000000000000000000100500000000000000000000000000000000000000000000000000038d7ea4c68000,0xf8b71c64315fc33b2ead2adfa487955065152a8ac33d9d5193aafd7f45dc15a0
4,0xfab79f2f14633c3bb5f17658307d59d3d0c0286532eee1b8de1f3b6441edaddb,4,0xd359a219b57157287b0965e01003944c73e926fc1374c6b075e831b50c54a049,6584,0x0000000000000000000000000000000000001002,0x00000000000000000000000000000000000000000000000000024ed5305fb300,"0x6c98249d85d88c3753a04a22230f595e4dc8d3dc86c34af35deeeedc861b89db,0x0000000000000000000000007ae2f5b9e386cd1b50a4550696d957cb4900f03a"
5,0x73e1cfb0ef9aee84c6685b61dd91f0d8961a0b775001c5436beda8899a11a6ac,5,0xd359a219b57157287b0965e01003944c73e926fc1374c6b075e831b50c54a049,6584,0x0000000000000000000000000000000000001000,0x00000000000000000000000000000000000000000000000000229e7dd59b7d00,"0x93a090ecc682c002995fad3c85b30c5651d7fd29b0be5da9d784a3302aedc055,0x0000000000000000000000007ae2f5b9e386cd1b50a4550696d957cb4900f03a"
0,0xf46f1c1fcc1ab9fe9e7bd2143ee9bd2b8bf9fc5964cb52eb73239c85f6bacd3f,0,0x5e44f7b0ad6833aabf0b62f893ae6b90704739aedc62cc29cd81d4664e365158,6610,0x0000000000000000000000000000000000002000,0x00000000000000000000000000000000000000000000000000000000000000380000000000000000000000000000000000000000000000000000000000000040000000000000000000000000000000000000000000000000000000000000008f000000000000000000000000000000000000000000000000000000000000030d40f86ca0424e420000000000000000000000000000000000000000000000000000000000940000000000000000000000000000000000000000c483989680d594fd7ae4ec844c11beefc355b5cb654cf461bd9a08d5949718747131a54a03fd31ac629979e5b61ccfb197845f4a1b6b0000000000000000000000000000000000,"0x3a6e0fc61675aa2a100bcba0568368bb92bcec91c97673391074f11138f0cffe,0x0000000000000000000000000000000000000000000000000000000000000002,0x0000000000000000000000000000000000000000000000000000000000000002,0x0000000000000000000000000000000000000000000000000000000000000003"
1,0xf46f1c1fcc1ab9fe9e7bd2143ee9bd2b8bf9fc5964cb52eb73239c85f6bacd3f,0,0x5e44f7b0ad6833aabf0b62f893ae6b90704739aedc62cc29cd81d4664e365158,6610,0x0000000000000000000000000000000000001004,0x00000000000000000000000000000000000000000000000000000000000000000000000000000000000000009718747131a54a03fd31ac629979e5b61ccfb197000000000000000000000000000000000000000000000000016345785d8a000000000000000000000000000000000000000000000000000000071afd498d0000,0x74eab09b0e53aefc23f2e1b16da593f95c2dd49c6f5a23720463d10d9c330b2a
2,0xabbe801be0bfde994853c870b1ca391a1d708463f89b06b6b7e6eb6154fcdf39,1,0x5e44f7b0ad6833aabf0b62f893ae6b90704739aedc62cc29cd81d4664e365158,6610,0x0000000000000000000000000000000000001002,0x000000000000000000000000000000000000000000000000000056d78b002580,"0x6c98249d85d88c3753a04a22230f595e4dc8d3dc86c34af35deeeedc861b89db,0x000000000000000000000000c2be4ec20253b8642161bc3f444f53679c1f3d47"
3,0x7cdaa2b8fdbbdb304331bfa939195873b19cff6cd338b3fa0ed5c35fe9590400,2,0x5e44f7b0ad6833aabf0b62f893ae6b90704739aedc62cc29cd81d4664e365158,6610,0x0000000000000000000000000000000000001000,0x000000000000000000000000000000000000000000000000000516a125023280,"0x93a090ecc682c002995fad3c85b30c5651d7fd29b0be5da9d784a3302aedc055,0x000000000000000000000000c2be4ec20253b8642161bc3f444f53679c1f3d47"
