hash,nonce,block_hash,block_number,transaction_index,from_address,to_address,value,gas,gas_price,input,block_timestamp
0x63ee6d44a3c25ab244d4d47a2de212544a017e79d1a829a294d69f71134a7474,0,0xabd32259e01f7f37854c0c95ebbeaaf04c18eca5fa059747f693d350b8bc28ed,363,0,0x446aa6e0dc65690403df3f127750da1322941f3e,0x0000000000000000000000000000000000001006,100000000000000000000,4700000,20000000000,0x1aa3a008,1598672692
0x6971eb54baa66b420b6c58172bd1ff17e1119e2c11cfdc92c45eb920675c1bf6,1,0xabd32259e01f7f37854c0c95ebbeaaf04c18eca5fa059747f693d350b8bc28ed,363,1,0x6488aa4d1955ee33403f8ccb1d4de5fb97c7ade2,0x0000000000000000000000000000000000001002,110356250000000,9223372036854775807,0,0x,1598672692
0x7a8ea16a733d7720b4ba92e1c462e8480ac19163b44e65d08aa4a161f4aeabb4,2,0xabd32259e01f7f37854c0c95ebbeaaf04c18eca5fa059747f693d350b8bc28ed,363,2,0x6488aa4d1955ee33403f8ccb1d4de5fb97c7ade2,0x0000000000000000000000000000000000001000,1655343750000000,9223372036854775807,0,0xf340fa010000000000000000000000006488aa4d1955ee33403f8ccb1d4de5fb97c7ade2,1598672692
0x8bede44fa968a10ca99550c297cf57195f1a20fd5e5682347f21a67a7e260f5d,0,0xe28f876a58f8456d78ac2f2caaf5c8f02d40fee459f9e1200c55044d6b56fa40,398,0,0xb005741528b86f5952469d80a8614591e3c5b632,0x0000000000000000000000000000000000001006,100000000000000000000,4700000,20000000000,0x1aa3a008,1598672797
0x0833b0c78e81ed8c72e72ba73ad3c17af7c0e247ff5d5e8e1e44050a9e064b80,1,0xe28f876a58f8456d78ac2f2caaf5c8f02d40fee459f9e1200c55044d6b56fa40,398,1,0xee01c3b1283aa067c58eab4709f85e99d46de5fe,0x0000000000000000000000000000000000001002,110356250000000,9223372036854775807,0,0x,1598672797
0xfdb98a7a1772995740525b98e8b7902105038c5ffb8c8718d64cc89386a41877,2,0xe28f876a58f8456d78ac2f2caaf5c8f02d40fee459f9e1200c55044d6b56fa40,398,2,0xee01c3b1283aa067c58eab4709f85e99d46de5fe,0x0000000000000000000000000000000000001000,1655343750000000,9223372036854775807,0,0xf340fa01000000000000000000000000ee01c3b1283aa067c58eab4709f85e99d46de5fe,1598672797
0xbaf8ffa0b475a67cfeac3992d24422804452f0982e4e21a8816db2e0c9e5f224,0,0x04055304e432294a65ff31069c4d3092ff8b58f009cdb50eba5351e0332ad0f6,1,0,0x2a7cdd959bfe8d9487b2a43b33565295a698f7e2,0x0000000000000000000000000000000000001000,0,9223372036854775807,0,0xe1c7392a,1598671449
0x8ea486df4eafaf713fbbe3b4b0b4196e50fbd1ea93daf66675accf3bf3f59d00,1,0x04055304e432294a65ff31069c4d3092ff8b58f009cdb50eba5351e0332ad0f6,1,1,0x2a7cdd959bfe8d9487b2a43b33565295a698f7e2,0x0000000000000000000000000000000000001001,0,9223372036854775807,0,0xe1c7392a,1598671449
0x9ebc5237eabb339a103a34daf280db3d9498142b49fa47f1af71f64a605acffa,2,0x04055304e432294a65ff31069c4d3092ff8b58f009cdb50eba5351e0332ad0f6,1,2,0x2a7cdd959bfe8d9487b2a43b33565295a698f7e2,0x0000000000000000000000000000000000001003,0,9223372036854775807,0,0xe1c7392a,1598671449
0xc043c5d33f8c3a6d6c0853ff8cbe88ebdf746f8092cb763b18de65db45246a6e,3,0x04055304e432294a65ff31069c4d3092ff8b58f009cdb50eba5351e0332ad0f6,1,3,0x2a7cdd959bfe8d9487b2a43b33565295a698f7e2,0x0000000000000000000000000000000000001006,0,9223372036854775807,0,0xe1c7392a,1598671449
0x2f64d7e926e6fb62f906e18258097af179c213f0c87a717476cce1b334049797,4,0x04055304e432294a65ff31069c4d3092ff8b58f009cdb50eba5351e0332ad0f6,1,4,0x2a7cdd959bfe8d9487b2a43b33565295a698f7e2,0x0000000000000000000000000000000000001004,0,9223372036854775807,0,0xe1c7392a,1598671449
0x463f0a179a89f47b055df14897dd7c55a2d819351568045dcb0496f2875c71ee,5,0x04055304e432294a65ff31069c4d3092ff8b58f009cdb50eba5351e0332ad0f6,1,5,0x2a7cdd959bfe8d9487b2a43b33565295a698f7e2,0x0000000000000000000000000000000000001005,0,9223372036854775807,0,0xe1c7392a,1598671449
0xc02fd5fc71fe8bdc4fec3f97a019a4dc9961eb95e5251c55fcb3da76f5cb5bca,6,0x04055304e432294a65ff31069c4d3092ff8b58f009cdb50eba5351e0332ad0f6,1,6,0x2a7cdd959bfe8d9487b2a43b33565295a698f7e2,0x0000000000000000000000000000000000002000,0,9223372036854775807,0,0xe1c7392a,1598671449
0x1d06a9d52255a2a4385d55093aec7671f3d7f6d83d4cd438991be8b6588e9b91,0,0xe9296d312a937cdefc201a8fe80dbfa8a9c958ada9e863ddbb324804722f1de0,2,0,0x9ef9f4360c606c7ab4db26b016007d3ad0ab86a0,0x0000000000000000000000000000000000001001,0,9223372036854775807,0,0xc96be4cb0000000000000000000000002d4c407bbe49438ed859fe965b140dcf1aab71a9,1598671455
0x2f9d8406e92d38d32b9873004dca9bffb8b2fe29fec97c22a3d541f124e4c44b,0,0x8aca9ab99dd4f3f4ac05d4cb00b6900c53af465e693f0d21598df99545494589,4,0,0x685b1ded8013785d6623cc18d214320b6bb64759,0x0000000000000000000000000000000000001001,0,9223372036854775807,0,0xc96be4cb00000000000000000000000035e7a025f4da968de7e4d7e4004197917f4070f1,1598671464
0xf5c280e505ce3747f1167658e91f908893e41115b85f5cc284c5a149e2722f1f,0,0xccb5d33f94d234f2bdce1acef59d5eb9193edc50692b82b6e0f80a8345ac7e6f,5,0,0x78f3adfc719c99674c072166708589033e2d9afe,0x0000000000000000000000000000000000001001,0,9223372036854775807,0,0xc96be4cb0000000000000000000000004430b3230294d12c6ab2aac5c2cd68e80b16b581,1598671471
0x3476236442c820896c80dccbae268ee03fb504987b75be6ab8edec763be1fdb2,0,0x101ca6f20088779697097a7f2650c41fa06d34e3fc556a339916b85ca63298ef,6,0,0xc2be4ec20253b8642161bc3f444f53679c1f3d47,0x0000000000000000000000000000000000001001,0,9223372036854775807,0,0xc96be4cb0000000000000000000000006488aa4d1955ee33403f8ccb1d4de5fb97c7ade2,1598671483
0x073856586043678ddd29da73a6a5073ea04da2c5a662510bd625393587442734,0,0xdc89e0d9c3ea1d69969b6fff04df3a724a5354f31718f99294517e9ee67c9bab,8,0,0xb8f7166496996a7da21cf1f1b04d9b3e26a3d077,0x0000000000000000000000000000000000001001,0,9223372036854775807,0,0xc96be4cb00000000000000000000000068bf0b8b6fb4e317a0f9d6f03eaf8ce6675bc60d,1598671498
0x11d7b9d99969073db55e3f63dd1de9ba373ee557ac410d610d433c8ae74e4349,0,0x21a91c3528d3dc839a1fdbd4d4442866acb61eb5799a32da6a66aebcdedd8dea,9,0,0xee01c3b1283aa067c58eab4709f85e99d46de5fe,0x0000000000000000000000000000000000001001,0,9223372036854775807,0,0xc96be4cb0000000000000000000000006bbad7cf34b5fa511d8e963dbba288b1960e75d6,1598671511
0x19eaae1f7bdd28605f4175d7e87c9de68431bf76e85a262e268252a84bfc3984,0,0xa78e7a9c6910fea66a981389735e0c652f1625905c6e0dca08d3f5c1694b7cc4,11,0,0x6488aa4d1955ee33403f8ccb1d4de5fb97c7ade2,0x0000000000000000000000000000000000001001,0,9223372036854775807,0,0xc96be4cb0000000000000000000000007ae2f5b9e386cd1b50a4550696d957cb4900f03a,1598671540
0xf2e58e0efd0396a6db02b627e60b6d3a16947ab76de518f74ec4b4641a22e2fe,0,0x51a6ebadc02f5150af6e0c034e595f212d2c7b20e939d59633c2978b100674d8,12,0,0xea0a6e3c511bbd10f4519ece37dc24887e11b55d,0x0000000000000000000000000000000000001001,0,9223372036854775807,0,0xc96be4cb00000000000000000000000082012708dafc9e1b880fd083b32182b869be8e09,1598671560
