transaction_hash,transaction_index,from_address,to_address,value,input,output,trace_type,call_type,reward_type,gas,gas_used,subtraces,trace_address,error,status,block_timestamp,block_number,block_hash,trace_id
0x6187fa8c977d95e292b31b47cfc581b55da2205f7407f83e83a078bfb6833b98,107,0xef1c6e67703c7bd7107eed8303fbe6ec2554bf6b,0x000000000022d473030f116ddee9f6b43ac78ba3,0,0x36c785160000000000000000000000009ca2c56c0f876108a5ec1c518baad5b86e651fb3000000000000000000000000b4e16d0168e52d35cacd2c6185b44281ec28c9dc000000000000000000000000000000000000000000000000000000002faf0800000000000000000000000000a0b86991c6218b36c1d19d4a2e9eb0ce3606eb48,0x,call,call,,204380,40599,1,0,,0,2023-03-02 03:25:11,16738200,0x50ca39093dfe4e9d03b5e7c413461eba2951383de0db5c08727f78393b292026,call_0x6187fa8c977d95e292b31b47cfc581b55da2205f7407f83e83a078bfb6833b98_0
0xa1e8c1b33569f6261636b9b62b489ba7c061e4f907c53337ac85848c7b2e642e,71,0xe7d3982e214f9dfd53d23a7f72851a7044072250,0x53098e70d4a595b0d965145e15941ba7812c79e7,75000000000000000,0x,0x,call,call,,98369,0,0,0,,1,2023-03-01 07:29:11,16732292,0x52f3967b03ddfef824c443aca4a283314f6bb3c1ce99f5fce0862dde2d5c2237,call_0xa1e8c1b33569f6261636b9b62b489ba7c061e4f907c53337ac85848c7b2e642e_0
0x0f266dc176db0e3ea54b8e59bc85e9e94d386781f19e77fa97b019218453de86,90,0xc02aaa39b223fe8d0a0e5c4f27ead9083c756cc2,0xaa9772d31476e85fedd1099e40dd2ff5dee214ff,397000000000000000,0x,0x,call,call,,2300,0,0,0,,1,2023-03-01 02:42:23,16730874,0x83f4696f47964592dda76e0e763f51605f6669aceae9177ee94552853ee4ed62,call_0x0f266dc176db0e3ea54b8e59bc85e9e94d386781f19e77fa97b019218453de86_0
0xdfcb62ff8baabdb78ef9a60474b1c9485b8071e77be724c5149b300fd7603642,49,0x2f848984984d6c3c036174ce627703edaf780479,0xf148fb0e31e4a2729807f0a636e6e2a1e421d9bb,0,0xf3efc26000000000000000000000000000000000000000000000000000000000000000ba00000000000000000000000000000000000000000000000000000000000006b8,0x,call,call,,22147195,16376,1,"0,41",,1,2023-03-02 09:44:59,16740074,0x5e284629d9b847abb00de27fddb31a39e8a5f7c5a10bf0372103183356ec0b46,call_0xdfcb62ff8baabdb78ef9a60474b1c9485b8071e77be724c5149b300fd7603642_0_41
0x3c94a387fbd9465840c598833fcdccd778b0269994a16e91ba602e6e152478fa,121,0x000000000000ad05ccc4f10045630fb830b95127,0x983e96c26782a8db500a6fb8ab47a52e1b44862d,250000000000000000,0x9a1fc3a7000000000000000000000000000000000000000000000000000000000000004000000000000000000000000000000000000000000000000000000000000003a000000000000000000000000000000000000000000000000000000000000000e0000000000000000000000000000000000000000000000000000000000000001c7c9602ed69d8171ef5ef01340d933d47ef3e9cbcacb954355194a6c6eb4b10382180671a2ae7c1dc273af293d00cf1b08dbf363d07d4a474d0417c450ab4017d00000000000000000000000000000000000000000000000000000000000002e000000000000000000000000000000000000000000000000000000000000000000000000000000000000000000000000000000000000000000000000000ff77e1000000000000000000000000fe108a63f4c90868e58f3c0e569d5a2f07bc091400000000000000000000000000000000000000000000000000000000000000010000000000000000000000000000000000dab4a563819e8fd93dba3b25bc3495000000000000000000000000f7479f9527c57167caff6386daa588b7bf05727f000000000000000000000000000000000000000000000000000000000000176a0000000000000000000000000000000000000000000000000000000000000001000000000000000000000000000000000000000000000000000000000000000000000000000000000000000000000000000000000000000003782dace9d90000000000000000000000000000000000000000000000000000000000006400dc44000000000000000000000000000000000000000000000000000000006404d0c300000000000000000000000000000000000000000000000000000000000001a000000000000000000000000000000000b6d4d941003decff4ff614f689bd7abb00000000000000000000000000000000000000000000000000000000000001c00000000000000000000000000000000000000000000000000000000000000000000000000000000000000000000000000000000000000000000000000000000101000000000000000000000000000000000000000000000000000000000000000000000000000000000000000000000000000000000000000000000000000060000000000000000000000000000000000000000000000000000000000000001b19af70a9085668359aecaf7b126542660032508994becb6e0967aed3da14cdce5c54d233eeb7cb357f2dae08ca09df8852a590025e00bca221fadfb2462bdb6000000000000000000000000000000000000000000000000000000000000000e000000000000000000000000000000000000000000000000000000000000000000000000000000000000000000000000000000000000000000000000000000000000000000000000000000000000000000000000000000000000000000000000000000000000000000000000000000000000000000000000000000000000002e000000000000000000000000000000000000000000000000000000000000000000000000000000000000000000000000000000000000000000000000000ff77e1000000000000000000000000b3587b643ab1f84075cffb6c4b62fc1a8d25ec8700000000000000000000000000000000000000000000000000000000000000000000000000000000000000000000000000dab4a563819e8fd93dba3b25bc3495000000000000000000000000f7479f9527c57167caff6386daa588b7bf05727f000000000000000000000000000000000000000000000000000000000000176a0000000000000000000000000000000000000000000000000000000000000001000000000000000000000000000000000000000000000000000000000000000000000000000000000000000000000000000000000000000003782dace9d90000000000000000000000000000000000000000000000000000000000006400dc45000000000000000000000000000000000000000000000000000000006400eb9c00000000000000000000000000000000000000000000000000000000000001a000000000000000000000000000000000dc87843b020a121191091c6c62a2767d00000000000000000000000000000000000000000000000000000000000001c00000000000000000000000000000000000000000000000000000000000000000000000000000000000000000000000000000000000000000000000000000000101000000000000000000000000000000000000000000000000000000000000000000000000000000000000000000000000000000000000000000000000000060000000000000000000000000000000000000000000000000000000000000001c403ba172308b995b80c734f2f49c907b9d98d8bbca9b6c6dce686776d96f89ca665be291d2a2b0b67fac81ec74c3dda145aa62b53e17d6add4c1808c91c9e259,0x,call,delegatecall,,335726,240916,4,0,,1,2023-03-02 17:32:23,16742372,0x5925f3ddcb485eba0deaac6adbfae26d79737833491a4cab0e8ae062a9e260d4,call_0x3c94a387fbd9465840c598833fcdccd778b0269994a16e91ba602e6e152478fa_0
0x34ded2c784ad24d8a10ca0924be515226f2f18621ec0156747558f9d4eff6c8b,127,0x07b80d98d41814c6e384b0afd27768506117dcbd,0xdac17f958d2ee523a2206206994597c13d831ec7,0,0xa9059cbb000000000000000000000000ea85a5ce9a349c6a00ed2788731243e8a925bea7000000000000000000000000000000000000000000000000000000001dcd6500,0x,call,call,,73193,41601,0,,,1,2023-03-02 10:45:47,16740374,0x65dcb97b0cdb0114fa1afa6c639a72d16d4fd43bf47f121a08eb8dd83f1713c9,call_0x34ded2c784ad24d8a10ca0924be515226f2f18621ec0156747558f9d4eff6c8b_
0x8b69ee81bce9b13e950d6bb856c211965210490e987924922a3d175e4f848ced,247,0xd66a130e6c81421d50d73907cf497f5006accd1a,0xfd3abc07752c3e407755f68e00d3bb02cf023756,0,0xa22cb4650000000000000000000000001e0049783f008a0085193e00003d00cd54003c710000000000000000000000000000000000000000000000000000000000000001,0x,call,call,,55652,37851,1,,,1,2023-03-02 05:07:59,16738709,0x9d29520f7cce1947f9ab9ee5133025b37affe09e4ed202158145dae5ad62d06e,call_0x8b69ee81bce9b13e950d6bb856c211965210490e987924922a3d175e4f848ced_
0x40f5eba875cb18d24709e5517d1d76c5e39f757c3fbc658a370eb4238a03d1c8,129,0x16b2f56890583a38def7bc3372e170ec369fb2cb,0x5eb5babcefea846b220c82f222f00df95934f5f0,777000000000000,0xefef39a10000000000000000000000000000000000000000000000000000000000000001,0x0000000000000000000000000000000000000000000000000000000000000c48,call,delegatecall,,89432,87305,1,0,,1,2023-03-02 08:05:59,16739583,0xd231bfcade0e1bf1db887c6bb24dbf203385859875e32aa5cdfb06c75e998183,call_0x40f5eba875cb18d24709e5517d1d76c5e39f757c3fbc658a370eb4238a03d1c8_0
0xdf9e50b2544b92a53d8dcc1155e9d0d4a952a97824e2e5a938ce4c860eb34d4f,164,0x894ad95fa5e0181d3c30a1deee1067e7709c3944,0x06450dee7fd2fb8e39061434babcfc05599a6fb8,0,0x1c5603050000000000000000000000006dcbd1f95795aaa470ac6dea62bcbf665e964dc00000000000000000000000000000000000000000000000000000000000000064,0x,call,call,,3414969,54374,2,"38,0,0,0",,1,2023-03-01 00:40:35,16730269,0x63375db54eb5ab604047e3dd4bf9dcbd77bb9a4f61587071e212164a796b72f4,call_0xdf9e50b2544b92a53d8dcc1155e9d0d4a952a97824e2e5a938ce4c860eb34d4f_38_0_0_0
0x1176f73c39e47ce709a1d2c1728020d9f0f06c9a90761159269aeae58620cc54,6,0xb4f5cc50c9c536a8f239e129e9a6cb5571622378,0xa0b86991c6218b36c1d19d4a2e9eb0ce3606eb48,0,0xa9059cbb000000000000000000000000bb79bcf3618c948d88a6fa39a1a0250b3ca3a67500000000000000000000000000000000000000000000000000000000055d4a80,0x0000000000000000000000000000000000000000000000000000000000000001,call,call,,57787,44017,1,,,1,2023-03-01 21:01:11,16736303,0xdf6e12a7fea01fbc1952fc2014e8f63f01f5508fd81d415ced70c6e0765d5f92,call_0x1176f73c39e47ce709a1d2c1728020d9f0f06c9a90761159269aeae58620cc54_
0x49411ee70d8d077c5d5b205fe02001b85c8d8aeb0591f210fe43f507f54d452f,108,0x000000000000ad05ccc4f10045630fb830b95127,0x4c2bbdbeccae1c492c681158a46eae498a05627b,0,0x9c7bf938c913647329351880533bd8630dd6f9fd3b30f9045f4d119bad1bf6bd8b79782000000000000000000000000000000000000000000000000000000000000000400000000000000000000000000000000000000000000000000000000000000001a61c4031e237def4a61003bd71ab337efa78feb6a4abffd9e9791413e9ab8ee2,0x03251cbd2bd3d77953e83f56f4d796152d4732962bfdca2479a8cade300cacdc,call,delegatecall,,1477247,1093,0,"0,14,0,0",,1,2023-03-01 21:33:47,16736466,0xd787f53b3a0dd2d899dc322a774a81a226bb8de3ec3fd0f722eac20b3cdbd77f,call_0x49411ee70d8d077c5d5b205fe02001b85c8d8aeb0591f210fe43f507f54d452f_0_14_0_0
0x30675be670b6e162a4690d503ed796dc52fa43e998c55cee2e8ac643f47c8705,105,0xcf7fe2e614f568989869f4aade060f4eb8a105be,0x5f4ec3df9cbd43714fe2740f5e3616155c5b8419,0,0x50d25bcd,0x000000000000000000000000000000000000000000000000000000266d31a195,call,staticcall,,261698,2137,1,"40,1,0",,1,2023-03-01 05:48:35,16731793,0xa5fb3b382a8b402da8adaf0bc8c0dee5c846126f85a65ba82534a5febe130190,call_0x30675be670b6e162a4690d503ed796dc52fa43e998c55cee2e8ac643f47c8705_40_1_0
0x7cabd3d3f39f5337bff0369bae97f6bd1198135f6b2e0359c8aa40993e7ca165,95,0x000000000000ad05ccc4f10045630fb830b95127,0x0000000000a39bb272e79075ade125fd351887ac,0,0x23b872dd00000000000000000000000097c7d94d01bcbc41b80ef7cc8c5bebc3d11c6a20000000000000000000000000020ca66c30bec2c4fe3861a94e4db4a498a358720000000000000000000000000000000000000000000000006cf2c1a189716000,0x0000000000000000000000000000000000000000000000000000000000000001,call,call,,6785436,3949,1,"0,31,0,4",,1,2023-03-01 14:28:47,16734363,0x0e8bc06f233d05e044aff99c71f0fc6d46ad361d89eb74f3a567ab97fee775e1,call_0x7cabd3d3f39f5337bff0369bae97f6bd1198135f6b2e0359c8aa40993e7ca165_0_31_0_4
0x713aa239c0bf18980a2ecb3990f9450271fb1825f80f9ce0c3cbb60be65d0be7,120,0xb772565dfd2115a43b05779cba608cbb2d559508,0xc9d198089d6c31d0ca5cc5b92c97a57a97bbfde2,0,0xb88d4fde000000000000000000000000b772565dfd2115a43b05779cba608cbb2d55950800000000000000000000000084078361225505005f617354ff03f3b64314544700000000000000000000000000000000000000000000000000000000000003e300000000000000000000000000000000000000000000000000000000000000800000000000000000000000000000000000000000000000000000000000000000360c6ebe,0x,call,call,,136560,99907,1,,,1,2023-03-02 01:06:11,16737511,0xecc7c41318fd27424d835348a34c8a1eb134ee7b92867542943d3e004b72270f,call_0x713aa239c0bf18980a2ecb3990f9450271fb1825f80f9ce0c3cbb60be65d0be7_
0xf80ca4d085e2ef86c6130f7d5785e64d39779c18aa0047696fff3f1820ee1e78,47,0xe20e17f73d7d9a311ae63212e3f71830b85b55fe,0xdac17f958d2ee523a2206206994597c13d831ec7,0,0xa9059cbb0000000000000000000000004377a9eb89c6293f8b3fb197ccb7ca72e199132f000000000000000000000000000000000000000000000000000000037e11d600,0x,call,call,,41601,41601,0,,,1,2023-03-01 08:11:35,16732501,0x6afc3b481739067a7fd877880b489130d138912bfbaa04ef3e8e61edd7824e96,call_0xf80ca4d085e2ef86c6130f7d5785e64d39779c18aa0047696fff3f1820ee1e78_
0x865fa8f1e29d6a05ce08796a6766e4d2574a60def33336b5cec2eb748b7392ae,198,0x000000000000ad05ccc4f10045630fb830b95127,0x000000000000ad05ccc4f10045630fb830b95127,0,0xe04d94ae000000000000000000000000000000000000000000000000000000000000004000000000000000000000000000000000000000000000000000000000000003e000000000000000000000000000000000000000000000000000000000000000e0000000000000000000000000000000000000000000000000000000000000000000000000000000000000000000000000000000000000000000000000000000000000000000000000000000000000000000000000000000000000000000000000000000000000000000000000000000000000000000000000000000000000032000000000000000000000000000000000000000000000000000000000000000000000000000000000000000000000000000000000000000000000000000ff4b230000000000000000000000002d2f63570384c10acff9e2bf8ee251383595c2e800000000000000000000000000000000000000000000000000000000000000010000000000000000000000000000000000b92d5d043faf7cecf7e2ee6aaed2320000000000000000000000006339e5e072086621540d0362c4e3cea0d643e1140000000000000000000000000000000000000000000000000000000000003ac000000000000000000000000000000000000000000000000000000000000000010000000000000000000000000000000000a39bb272e79075ade125fd351887ac0000000000000000000000000000000000000000000000000a217b21de0900000000000000000000000000000000000000000000000000000000000063febc680000000000000000000000000000000000000000000000000000000063fecb9900000000000000000000000000000000000000000000000000000000000001a000000000000000000000000000000000d732a4cb5d5d5da1bd230f78316cff5c000000000000000000000000000000000000000000000000000000000000020000000000000000000000000000000000000000000000000000000000000000010000000000000000000000000000000000000000000000000000000000000032000000000000000000000000c8f8e2f59dd95ff67c3d39109eca2e2a017d4c8a000000000000000000000000000000000000000000000000000000000000000101000000000000000000000000000000000000000000000000000000000000000000000000000000000000000000000000000000000000000000000000000060000000000000000000000000000000000000000000000000000000000000001c9efa12feadcec8ef8e7e17a2207be95aa82793bb344970382575e3b0afe3153a685415ede005f5b1274e458e89b2699b836d1fbca0caf07126bd764e052c59f300000000000000000000000000000000000000000000000000000000000000e0000000000000000000000000000000000000000000000000000000000000001b31ab14ccbd4b6b7b7ee222848e15d5b71f8fb223ef4357cb60fa7a7814d54c5234841e61e08bdd3fc7717796a1e78811935a93055cedcabdf8421513f63537c100000000000000000000000000000000000000000000000000000000000002e000000000000000000000000000000000000000000000000000000000000000000000000000000000000000000000000000000000000000000000000000ff4b230000000000000000000000007b03ec1fa5dab48a6e9dde1a2f026d6bc1bb561400000000000000000000000000000000000000000000000000000000000000000000000000000000000000000000000000b92d5d043faf7cecf7e2ee6aaed2320000000000000000000000006339e5e072086621540d0362c4e3cea0d643e114000000000000000000000000000000000000000000000000000000000000000000000000000000000000000000000000000000000000000000000000000000010000000000000000000000000000000000a39bb272e79075ade125fd351887ac0000000000000000000000000000000000000000000000000a217b21de0900000000000000000000000000000000000000000000000000000000000063febc670000000000000000000000000000000000000000000000000000000065dfefe700000000000000000000000000000000000000000000000000000000000001a000000000000000000000000000000000c5425993845e843344769ecce2b5848400000000000000000000000000000000000000000000000000000000000001c00000000000000000000000000000000000000000000000000000000000000000000000000000000000000000000000000000000000000000000000000000000101000000000000000000000000000000000000000000000000000000000000000000000000000000000000000000000000000000000000000000000000000060000000000000000000000000000000000000000000000000000000000000001c4dd7be4484ba20dbe89d3426d0c0eb193c5ca6665956e2ed56aef153701152671c783dddea06a236b98062c730a9a6cd7cffc319ea18d039c5c0bad106105d78,0x,call,delegatecall,,401974,184526,1,"0,7",,1,2023-03-01 02:50:59,16730916,0xb4149de712cd8e00c1c9acc2e718094d65aa731fe0dd6dc754d8f0da9c11b96c,call_0x865fa8f1e29d6a05ce08796a6766e4d2574a60def33336b5cec2eb748b7392ae_0_7
0x9a5f24f94540e88ce365d62442c6bc734353bc2742c9f37f93792939127c3aa6,153,0x9453aac812b0cd8fd069940002712dbf7d48431c,0x95c605ef51f57d11312c5aa56b4ee7aa59224cf0,0,0x443cb4bc,0x000000000000000000000000000000000000000000000000000010e72d95a1d5,call,delegatecall,,361394,2429,0,"0,2,0,2,1",,1,2023-03-01 07:33:23,16732312,0x641f08f50509e33a35c205db98bf4238317541d0c0c6ff5f4cb5f354d66090e9,call_0x9a5f24f94540e88ce365d62442c6bc734353bc2742c9f37f93792939127c3aa6_0_2_0_2_1
0xf85d7a09587d3d21722782b1e4db76e48d232a346ef0bb7744d2d204cd216148,88,0x3ee18b2214aff97000d974cf647e7c347e8fa585,0x299b4f6066d231521d11fae8331fb1a4fe794f58,0,0x5c60da1b,0x0000000000000000000000000fd04a68d3c3a692d6fa30384d1a87ef93554ee6,call,delegatecall,,32191,459,0,"0,2,0,0",,1,2023-03-01 05:48:11,16731791,0xb2ba9391194bdeb7fcbfc9f0a0d97679833991827db5cbfe77ece8055a743bbc,call_0xf85d7a09587d3d21722782b1e4db76e48d232a346ef0bb7744d2d204cd216148_0_2_0_0
0xfd48cddbe88667d4e42aabe94854fbfe7b3d8f28cd50aacc224b7817bd1da052,40,0x98c3d3183c4b8a650614ad179a1a98be0a8d6b8e,0xc02aaa39b223fe8d0a0e5c4f27ead9083c756cc2,0,0xa9059cbb000000000000000000000000e936f0073549ad8b1fa53583600d629ba93751610000000000000000000000000000000000000000000000001946c708ee58a800,0x0000000000000000000000000000000000000000000000000000000000000001,call,call,,158758,10862,0,"1,2,0",,1,2023-03-02 21:57:47,16743682,0x395b2bf8486d6045df83a38485e91b42bc72e532e8d3f4a0d877f1b14aed63a1,call_0xfd48cddbe88667d4e42aabe94854fbfe7b3d8f28cd50aacc224b7817bd1da052_1_2_0
0xd0cff3be0d6c05281534f668787ffaa2c41b609beb2184f6e342deaf0c096ec4,32,0x94682755f153037bc89ab19f2831d2a54f58de42,0xc4231ad30d370d35454662aed23f1a43873782e1,0,0x70a0823100000000000000000000000094682755f153037bc89ab19f2831d2a54f58de42,0x00000000000000000000000000000000000000000000685a1acaf847e750a968,call,staticcall,,351622,624,0,"0,2,5,1",,1,2023-03-02 23:00:35,16743994,0x0472f4f7f0112c3d8ebad2239c75b4ed21eeb9584af53185ed93c57bf18a2557,call_0xd0cff3be0d6c05281534f668787ffaa2c41b609beb2184f6e342deaf0c096ec4_0_2_5_1
0x6c22327a67ea4bd661288ce476ae3fe86e80c645d4dabe99326ae767ac75d2f2,108,0x7830c87c02e56aff27fa8ab1241711331fa86f43,0xa9d1e08c7793af67e9d92fe308d5697fb81d3e43,0,0xca350aa60000000000000000000000000000000000000000000000000000000000000040000000000000000000000000000000000000000000000000000000000003d090000000000000000000000000000000000000000000000000000000000000000f00000000000000000000000095ad61b0a150d79219dcf64e1e6cc01f0b64c4ce000000000000000000000000389d4b17b941776236322727812d61e10f449af60000000000000000000000000000000000000000000ca80ebeaad614af2f000000000000000000000000000041e5560054824ea6b0732e656e3ad64e20e94e45000000000000000000000000a294cca691e4c83b1fc0c8d63d9a3eef0a196de1000000000000000000000000000000000000000000000000000007092cf41520000000000000000000000000dac17f958d2ee523a2206206994597c13d831ec7000000000000000000000000978a57f4b1dec0fe7e9d687b1e2cb95c02d2370c00000000000000000000000000000000000000000000000000000000059bdc18000000000000000000000000dac17f958d2ee523a2206206994597c13d831ec7000000000000000000000000fbaae3c68baab3bebc3ca04ebe7114e8cbd165f6000000000000000000000000000000000000000000000000000000001daead70000000000000000000000000dac17f958d2ee523a2206206994597c13d831ec7000000000000000000000000f271bcff1209e62a3ff68493c4c40a79e84bb13d000000000000000000000000000000000000000000000000000000003b986ca0000000000000000000000000dac17f958d2ee523a2206206994597c13d831ec7000000000000000000000000a43504c02dc99185b85aa15cfc82523eb2af708d000000000000000000000000000000000000000000000000000000004bfef4c0000000000000000000000000dac17f958d2ee523a2206206994597c13d831ec70000000000000000000000009efb97b9fce3ff9a098cf70db3154fa0606f3cc600000000000000000000000000000000000000000000000000000000b1c789d30000000000000000000000007d1afa7b718fb893db30a3abc0cfc608aacfebb00000000000000000000000001efb7887ae43d77544a25abc6e7b56a492d8bc85000000000000000000000000000000000000000000000001b7af06efaa5e84000000000000000000000000007d1afa7b718fb893db30a3abc0cfc608aacfebb000000000000000000000000006109b4154a502c508efdf6e41d8a2a87161c9b900000000000000000000000000000000000000000000001b4b83eef4c53b18000000000000000000000000007d1afa7b718fb893db30a3abc0cfc608aacfebb000000000000000000000000009e64ff9b2ca4ef8171cc25069b95157cb0d4ae9000000000000000000000000000000000000000000000029aa5f57a0ec6fa0000000000000000000000000004a220e6096b25eadb88358cb44068a3248254675000000000000000000000000a4ff48b1ca3943f3d008fb42f55f3450a7b6cb530000000000000000000000000000000000000000000000001d281e1b962084000000000000000000000000000bc529c00c6401aef6d220be8c6ea1667f6ad93e000000000000000000000000a294cca691e4c83b1fc0c8d63d9a3eef0a196de1000000000000000000000000000000000000000000000000144d05ef75fb38000000000000000000000000003c4b6e6e1ea3d4863700d7f76b36b7f3d3f13e3d00000000000000000000000086904e32b0d7a8e1ab4dc4a02bae7ff93e9a2d33000000000000000000000000000000000000000000000000000006cbbb431d79000000000000000000000000514910771af9ca656af840dff83e8264ecf986ca000000000000000000000000107c9100338c7601840b260b5bf9df3df1092cf20000000000000000000000000000000000000000000000020ef9927af8453c00000000000000000000000000a0b86991c6218b36c1d19d4a2e9eb0ce3606eb48000000000000000000000000c91f8e904b482bb2f279f4a631162aba60c60a7d00000000000000000000000000000000000000000000000000000000232aaf80,0x,call,call,,1964476,370805,15,,,1,2023-03-01 00:58:11,16730357,0x718ef6d927de95ed79ed2420a5cbd36ffd9ea17073e25bac9c9f4b8d967f76a0,call_0x6c22327a67ea4bd661288ce476ae3fe86e80c645d4dabe99326ae767ac75d2f2_
0x685ff4de5a71e890486ba267da616905e984809c03ae3cbb24b6489d8c4a2689,216,0xef1c6e67703c7bd7107eed8303fbe6ec2554bf6b,0xeb1a8c53bee260051d541a0c43ec008b0acff054,0,0x022c0d9f0000000000000000000000000000000000000000000000000000000000000000000000000000000000000000000000000000000000000000032cd74aa738058b000000000000000000000000ef1c6e67703c7bd7107eed8303fbe6ec2554bf6b00000000000000000000000000000000000000000000000000000000000000800000000000000000000000000000000000000000000000000000000000000000,0x,call,call,,134016,37546,3,5,,1,2023-03-02 09:20:59,16739956,0x53fc209ee32ece2b1029437ac4e4e12953503ca920336926a6f798d712244062,call_0x685ff4de5a71e890486ba267da616905e984809c03ae3cbb24b6489d8c4a2689_5
0x92e3d7debf72c857f4b8b609403e9d5795cbdf56d48fb37141c380c644f94123,95,0xba12222222228d8ba445958a75a0704d566bf2c8,0x5c6ee304399dbdb9c8ef030ab642b10820db8f56,0,0x23b872dd000000000000000000000000f1665af579151f6135e753d0fc140d689208356d0000000000000000000000009008d19f58aabd9ed0d60971565aa8510560ab4100000000000000000000000000000000000000000000000051a9b0e453a09b9f,0x0000000000000000000000000000000000000000000000000000000000000001,call,call,,270561,9537,0,"1,0,1",,1,2023-03-01 03:49:35,16731206,0x523d16a818caffbe3ca58a111c632eb3f87ff170f0e1ad6d03d9107c8424cb89,call_0x92e3d7debf72c857f4b8b609403e9d5795cbdf56d48fb37141c380c644f94123_1_0_1
0x2d144f3bf7db2a0452be27ad0083da8d44f469ab2f4b39a171eefc47f74c9847,84,0x8ad599c3a0ff1de082011efddc58f1908eb6e6d8,0xa0b86991c6218b36c1d19d4a2e9eb0ce3606eb48,0,0xa9059cbb000000000000000000000000b72d332c48066f849cb521a64a4089ae5242164f00000000000000000000000000000000000000000000000000000001da75c70d,0x0000000000000000000000000000000000000000000000000000000000000001,call,call,,115111,11617,1,"4,0",,1,2023-03-02 10:52:47,16740409,0x69dbf02a9d64bacac5bd1a0aee8afbc73e9c2300be54e6c7ecbbdc2cfdf344c7,call_0x2d144f3bf7db2a0452be27ad0083da8d44f469ab2f4b39a171eefc47f74c9847_4_0
0xcd5b6fae995ac979847fcdc43451c608d448f556dd90749c1f8ee11c7d36513b,89,0x000000000000ad05ccc4f10045630fb830b95127,0x983e96c26782a8db500a6fb8ab47a52e1b44862d,1682600000000000000,0xe04d94ae000000000000000000000000000000000000000000000000000000000000004000000000000000000000000000000000000000000000000000000000000004c000000000000000000000000000000000000000000000000000000000000000e0000000000000000000000000000000000000000000000000000000000000001ce8c7523d274c2217ff1c2c94dbd631adb305927b5e14e0110c04dbda752eee6c4398c582aca8a65469295263756f309a92cc2c77a44cda78a38758d96b3c2962000000000000000000000000000000000000000000000000000000000000032000000000000000000000000000000000000000000000000000000000000000010000000000000000000000000000000000000000000000000000000000ff76f3000000000000000000000000aebc58c8b711452def1bb5dd7fdd04be15fa4aec00000000000000000000000000000000000000000000000000000000000000010000000000000000000000000000000000dab4a563819e8fd93dba3b25bc3495000000000000000000000000bd8451d2d5fb88469a764b05c1e0b623c510614500000000000000000000000000000000000000000000000000000000000067d30000000000000000000000000000000000000000000000000000000000000001000000000000000000000000000000000000000000000000000000000000000000000000000000000000000000000000000000000000000000ce0eb154f90000000000000000000000000000000000000000000000000000000000006400c154000000000000000000000000000000000000000000000000000000006409fbd200000000000000000000000000000000000000000000000000000000000001a00000000000000000000000000000000069d5768e98b47143d1c2e5f876a8d6fd000000000000000000000000000000000000000000000000000000000000020000000000000000000000000000000000000000000000000000000000000000010000000000000000000000000000000000000000000000000000000000000032000000000000000000000000c8f8e2f59dd95ff67c3d39109eca2e2a017d4c8a0000000000000000000000000000000000000000000000000000000000000001010000000000000000000000000000000000000000000000000000000000000000000000000000000000000000000000000000000000000000000000000001400000000000000000000000000000000000000000000000000000000000000080000000000000000000000000000000000000000000000000000000000000001cd5ba96a4e275318b8674e2b5d582a2985c875fcec7a3e29e0e53485e5998a7286ed79cdbe04b425a437f7e87425a2099409da043702a7decf42fd085c8bb6e8900000000000000000000000000000000000000000000000000000000000000053f50f330ae46cace9551f898472af6d942f8db244616d522fb8ef8981be79c7de5cd449c6fb33a50e41b8c760ccda5be82f7f30e203e70ac65513ddf10ac8fb5b5921c135fc010845d238a87c180f7fb0fdd0a5554557a21b65be0631f4e196a082d90a5fa20f802120dfe9770650b1f75f012ff81d7dd763bb1cc56a5a910eeec10c3732c11f35153a548bc5cc9eeee89ecbd4407dc3eae00c03c9d82c09e4d00000000000000000000000000000000000000000000000000000000000000e000000000000000000000000000000000000000000000000000000000000000000000000000000000000000000000000000000000000000000000000000000000000000000000000000000000000000000000000000000000000000000000000000000000000000000000000000000000000000000000000000000000000002e000000000000000000000000000000000000000000000000000000000000000000000000000000000000000000000000000000000000000000000000000ff76f300000000000000000000000039da41747a83aee658334415666f3ef92dd0d54100000000000000000000000000000000000000000000000000000000000000000000000000000000000000000000000000dab4a563819e8fd93dba3b25bc3495000000000000000000000000bd8451d2d5fb88469a764b05c1e0b623c510614500000000000000000000000000000000000000000000000000000000000067d30000000000000000000000000000000000000000000000000000000000000001000000000000000000000000000000000000000000000000000000000000000000000000000000000000000000000000000000000000000000ce0eb154f90000000000000000000000000000000000000000000000000000000000006400c155000000000000000000000000000000000000000000000000000000006400e02700000000000000000000000000000000000000000000000000000000000001a00000000000000000000000000000000081967f80992b737c96ff5e00d4d6dc8800000000000000000000000000000000000000000000000000000000000001c00000000000000000000000000000000000000000000000000000000000000000000000000000000000000000000000000000000000000000000000000000000101000000000000000000000000000000000000000000000000000000000000000000000000000000000000000000000000000000000000000000000000000060000000000000000000000000000000000000000000000000000000000000001c27be76f069895e32826be293fcfe1f56ea9a6dbd16b5cb95fb39417d9667da4738316c76fd664d593b2b55a7123286b3af34d121a97bda903e2e388784f7f3a1,0x,call,delegatecall,,6325511,163385,6,"3,0,0,16,0",,1,2023-03-02 16:43:11,16742132,0x1120734da2348682721644d509cd1dde7dd375f12e52e5e0101fc16f39ee6d2c,call_0xcd5b6fae995ac979847fcdc43451c608d448f556dd90749c1f8ee11c7d36513b_3_0_0_16_0
0x21106fa264e646fdc3e939df13a1eea050d63010e937797d6adcaad633ffe449,95,0x000000000000ad05ccc4f10045630fb830b95127,0x0000000000a39bb272e79075ade125fd351887ac,0,0x23b872dd000000000000000000000000acb868f2cde053a7666dfaea4717c2347a6bb439000000000000000000000000c3799c8897cafe974d52ee277d5ed7c84be63b09000000000000000000000000000000000000000000000000000c9cb4c8f3e000,0x0000000000000000000000000000000000000000000000000000000000000001,call,call,,916898,18049,1,"0,0,0,3",,1,2023-03-01 21:44:23,16736518,0x05cb2c5a1e079ddfa32fd9b7fb005547282726511830b37b1770721f10d46c2f,call_0x21106fa264e646fdc3e939df13a1eea050d63010e937797d6adcaad633ffe449_0_0_0_3
0xc39451145951ea5260c99758c91dab48a85fb0d1b168f8853d4e31afd4ff1f1c,65,0xd1917932a7db6af687b523d5db5d7f5c2734763f,0x05b902c7fd6d221d582bb973fe6e253921568717,0,0xa9059cbb0000000000000000000000007b742cdc39215ee85202edcb1e1c9326e6e7a7ca0000000000000000000000000000000000000000000000133fc43b308c078000,0x0000000000000000000000000000000000000000000000000000000000000001,call,call,,3884944,13074,0,"0,128",,1,2023-03-01 22:43:23,16736810,0xf08359467a2f42ddc2be05ef7a137f957b6e0c7a2337ac9ef064fe74b79b026a,call_0xc39451145951ea5260c99758c91dab48a85fb0d1b168f8853d4e31afd4ff1f1c_0_128
0xc2bc90e62b19c862d5a8ea8d7037693051faf6290df36d6d9c43311c0a2c280f,96,0x838af967537350d2c44abb8c010e49e32673ab94,0xf9835375f6b268743ea0a54d742aa156947f8c06,0,0x6962f845000000000000000000000000ecb456ea5365865ebab8a2661b0c503410e9b34700000000000000000000000000000000000000000000000000000952298f456e,0x000000000000000000000000000000000000000000000000045d68f012b5bbeb,call,call,,132656,12749,1,"0,5",,1,2023-03-02 18:03:59,16742526,0xc03d7ca088ec1cfe6fb00feb400543685121a75189d942e07895661b27f4e5d0,call_0xc2bc90e62b19c862d5a8ea8d7037693051faf6290df36d6d9c43311c0a2c280f_0_5
0xecf04fb466c70789df416bf514d3ea40d01db47713128d8d737184584c83f044,23,0xa0b86991c6218b36c1d19d4a2e9eb0ce3606eb48,0xa2327a938febf5fec13bacfb16ae10ecbc4cbdcf,0,0xa9059cbb000000000000000000000000125e75701283c193f2d7f55b971cb859bab140200000000000000000000000000000000000000000000000000000000068cb4879,0x0000000000000000000000000000000000000000000000000000000000000001,call,delegatecall,,60192,19628,0,0,,1,2023-03-01 14:55:47,16734497,0xc0eb07f69f70cdfa8b929677040ca0b2d0a3ae96d1bc470730063b9d49890b16,call_0xecf04fb466c70789df416bf514d3ea40d01db47713128d8d737184584c83f044_0
0x50ca9d8c027f4af2ae20db47a2db253bada09202778abdbf036e34c8343c4e03,135,0xd3ca35355106cb8bc5fd7c534275509673319d83,0x7122db0ebe4eb9b434a9f2ffe6760bc03bfbd0e0,0,0xfa461e3300000000000000000000000000000000000000000000000002a4a20522a7339effffffffffffffffffffffffffffffffffffffffffffffffffffffffe41e9c74000000000000000000000000000000000000000000000000000000000000006000000000000000000000000000000000000000000000000000000000000000200000000000000000000000003aada3e213abf8529606924d8d1c55cbdc70bf74,0x0000000000000000000000000000000000000000000000000000000000000000,call,call,,253236,11146,1,"3,1,0,0,0,2",,0,2023-03-02 03:25:11,16738200,0x50ca39093dfe4e9d03b5e7c413461eba2951383de0db5c08727f78393b292026,call_0x50ca9d8c027f4af2ae20db47a2db253bada09202778abdbf036e34c8343c4e03_3_1_0_0_0_2
0x5cd6a51449670888dc82ccc8adbea6e23db89287b0ba1422f2a7500128408ae2,56,0x42d52847be255eacee8c3f96b3b223c0b3cc0438,0xd13c7342e1ef687c5ad21b27c2b65d772cab5c8c,0,0xa9059cbb00000000000000000000000074de5d4fcbf63e00296fd95d33236b9794016631000000000000000000000000000000000000000000000000000000000031787d,0x0000000000000000000000000000000000000000000000000000000000000001,call,call,,104846,32265,0,"0,0,0,3,0",,1,2023-03-02 00:57:59,16737470,0x506a56d7b19881bad89c66908a200a977a68c78ec0dfd66c87c1546c6d69e85d,call_0x5cd6a51449670888dc82ccc8adbea6e23db89287b0ba1422f2a7500128408ae2_0_0_0_3_0
0x1de235ef71ee9cacf199af8fc8aa983ab61fbc9c953d65e56be4972b30db98d8,2,0xe0554a476a092703abdb3ef35c80e0d76d32939f,0xc02aaa39b223fe8d0a0e5c4f27ead9083c756cc2,0,0xa9059cbb000000000000000000000000f8b721bff6bf7095a0e10791ce8f998baa254fd0000000000000000000000000000000000000000000000000f197c4fdb123df6d,0x0000000000000000000000000000000000000000000000000000000000000001,call,call,,173947,12862,0,"1,0",,1,2023-03-01 02:59:47,16730959,0x1d86be55edc9b7e1d01879d0b8e246d5f289119bfa1b0dc340e690e6d10f246b,call_0x1de235ef71ee9cacf199af8fc8aa983ab61fbc9c953d65e56be4972b30db98d8_1_0
0x3cb297aa22062903334f7a9ee81c02176cd2081091f98721c12bd039f534a9ff,94,0xc8bc328c041af2c91a97178e751e564929796d7e,0xa0b86991c6218b36c1d19d4a2e9eb0ce3606eb48,0,0xa9059cbb000000000000000000000000cf3bc7350531362f7540d7c90f08661377f01806000000000000000000000000000000000000000000000000000000009502f900,0x0000000000000000000000000000000000000000000000000000000000000001,call,call,,57785,44017,1,,,1,2023-03-02 19:12:23,16742865,0x7d151886545f319ce177222c3f7805e1efd18539708f6ef6216aca4f383e0361,call_0x3cb297aa22062903334f7a9ee81c02176cd2081091f98721c12bd039f534a9ff_
0xeea94621c40adf69429b090945c28c712bde138ed2bb1084556179a28b43e596,13,0x8731d54e9d02c286767d56ac03e8037c07e01e98,0x06d538690af257da524f25d0cd52fd85b1c2173e,0,0x068bcd8d000000000000000000000000000000000000000000000000000000000000000d,0x000000000000000000000000101816545f6bd2b1076434b54383a1e633390a2e,call,staticcall,,1146851,2514,0,"0,0,1,0,0,0",,1,2023-03-02 00:36:23,16737365,0x42ac8b89db046a177a0d4b5f084242dc86b31313dfe64af31d8f71501c06a024,call_0xeea94621c40adf69429b090945c28c712bde138ed2bb1084556179a28b43e596_0_0_1_0_0_0
0x7de2c7b36fec4b612c971b9bc74b09e4ecb288eb1fbf7de721b0f5f2b983ac7e,15,0xc02aaa39b223fe8d0a0e5c4f27ead9083c756cc2,0xdef1c0ded9bec7f1a1670819833240f027b25eff,25290422753091985,0x,0x,call,call,,2300,55,0,"0,5,0",,1,2023-03-02 04:39:35,16738567,0x71003d0ea1f864658c9a0c175909f2f4587e5c46b04eee33848138a34b167686,call_0x7de2c7b36fec4b612c971b9bc74b09e4ecb288eb1fbf7de721b0f5f2b983ac7e_0_5_0
0x7b950d12fd532e1f44cb12665dddcbb6ec98a2be0c7677563741f7d494f74a83,103,0x00000000006c3852cbef3e08e8df289169ede581,0x004c00500000ad104d7dbd00e3ae0a5c00560c00,0,0x0e1d31dc598dcb3fc31b087839f3d4302a46fc5063b7a0411c51ad29f0166450a90955b50000000000000000000000003b5418282282f75adc2992b63e518a0c763935e6000000000000000000000000f2881caed705571bc7eaad6ca8e126d88f17a2370000000000000000000000000000000000000000000000000000000000000000,0x0e1d31dc00000000000000000000000000000000000000000000000000000000,call,staticcall,,573520,257,0,1,,1,2023-03-02 12:17:47,16740831,0xef4fcc5b8b990f2bdb5aee824289777453677fb5c5c7c5955c7bef86150f911c,call_0x7b950d12fd532e1f44cb12665dddcbb6ec98a2be0c7677563741f7d494f74a83_1
0x84a9def2607cd360fa312d16522df250c7aac336d7118d601924686cd779cb8d,6,0xdef1c0ded9bec7f1a1670819833240f027b25eff,0xba7872534a6c9097d805d8bee97e030f4e372e54,0,0x022c0d9f0000000000000000000000000000000000000000000000000000000000000000000000000000000000000000000000000000000000000000041aa35faa06770c000000000000000000000000def1c0ded9bec7f1a1670819833240f027b25eff00000000000000000000000000000000000000000000000000000000000000800000000000000000000000000000000000000000000000000000000000000000,0x,call,call,,82819,47826,3,"5,0,2",,1,2023-03-02 03:21:23,16738181,0xc0df1a7889b88700143066dc5600b0191bb52041222e0f3060680a426205fa24,call_0x84a9def2607cd360fa312d16522df250c7aac336d7118d601924686cd779cb8d_5_0_2
0xfff0c0ddb3947e4910a159fdd861c506f4fb416a8736fa2214db549560cc8883,87,0x46fa6f8cc35c1f464ea78196080f5cfd1d76f6e9,0x716e837aceb8460a2d3c95240386da515c0a02f5,0,0x75151b63000000000000000000000000a0b86991c6218b36c1d19d4a2e9eb0ce3606eb48,0x0000000000000000000000000000000000000000000000000000000000000001,call,staticcall,,1988787,2089,1,"45,1,11,0",,1,2023-03-02 22:56:59,16743976,0x4f325c125cea9a35f36480d2d65caaa9616a1686f35b69333a6f0d17a6eb7af2,call_0xfff0c0ddb3947e4910a159fdd861c506f4fb416a8736fa2214db549560cc8883_45_1_11_0
0x71f0f9e566b2925245689c8534e6f790862f2c320ea74aef0c9d4525b0bea63d,38,0x7122db0ebe4eb9b434a9f2ffe6760bc03bfbd0e0,0xa0b86991c6218b36c1d19d4a2e9eb0ce3606eb48,0,0xa9059cbb000000000000000000000000e0554a476a092703abdb3ef35c80e0d76d32939f000000000000000000000000000000000000000000000000000000003b01f094,0x0000000000000000000000000000000000000000000000000000000000000001,call,call,,234705,9617,1,"1,2,0,0,2,0",,1,2023-03-01 19:17:23,16735791,0x3130ed9ec9beb0f59cd450645abcd0a4de7c3b9c231aaeacdcdb8757eba9c0f6,call_0x71f0f9e566b2925245689c8534e6f790862f2c320ea74aef0c9d4525b0bea63d_1_2_0_0_2_0
0xca494f45265802b446a81106209eacee39ae04ea77f75f35cb82c7f7b4e802a7,99,0x74de5d4fcbf63e00296fd95d33236b9794016631,0x1111111254eeb25477b68fb85ed929f73a960582,0,0xe449022e0000000000000000000000000000000000000000000000056bc75e2d63100000000000000000000000000000000000000000000000000000056182f5fbec554800000000000000000000000000000000000000000000000000000000000000600000000000000000000000000000000000000000000000000000000000000001200000000000000000000000cd423f3ab39a11ff1d9208b7d37df56e902c932bab4991fe,0x000000000000000000000000000000000000000000000000057d9fc188e6b510,call,call,,193044,87835,3,"1,0,1",,1,2023-03-01 19:20:11,16735805,0x7a7aa42a7540a04cd8833ee5a9fc8aa317a535e74cc6eeb8b04be1019daba90c,call_0xca494f45265802b446a81106209eacee39ae04ea77f75f35cb82c7f7b4e802a7_1_0_1
0xc5b991a132a95a3c839ec541a6c6117ca2192722f7674508b0bf08383e267ac1,27,0xa4e5961b58dbe487639929643dcb1dc3848daf5e,0xcea6e7dcdff4b54aaa4fe049dd8c53b5cc21f0d8,4804790000000000,0x,0x,call,call,,1000,0,0,,,1,2023-03-01 14:55:35,16734496,0x55c477abac878f18efe2f1a9d22110b10a0e5fc348d713aec50d04a56ae24d16,call_0xc5b991a132a95a3c839ec541a6c6117ca2192722f7674508b0bf08383e267ac1_
0x9847776166c42622a0f422a50d07e3e5fbecbb6a4db4e3ac0302a39ea4b2f335,135,0x37109070391ad7cee96cbc388de1c2a7e52dc0e3,0xc02aaa39b223fe8d0a0e5c4f27ead9083c756cc2,0,0x70a0823100000000000000000000000037109070391ad7cee96cbc388de1c2a7e52dc0e3,0x00000000000000000000000000000000000000000000000442da0500bf212155,call,staticcall,,40335,534,0,"4,2",,1,2023-03-02 20:15:35,16743174,0x074205d680839043c9588c5b6135643c906d6afd3fffe76f1883bcea411ecb1d,call_0x9847776166c42622a0f422a50d07e3e5fbecbb6a4db4e3ac0302a39ea4b2f335_4_2
0x8f300b40d3425091b49ac5dae35fa1b2c313d38fb1fffc485ba9e553ccdf489d,180,0x000000000000ad05ccc4f10045630fb830b95127,0x00000000000111abe46ff893f3b2fdf1f759a8a8,0,0x789f93f6000000000000000000000000cd1f6be81f1dc58558f44bbc5ca4cc43cbb1ec05000000000000000000000000c2b46c60afe93cda3855f67fcda6d6844723ddb80000000000000000000000003d86bac82fcdea5ae9336caca704803317bf567e0000000000000000000000000000000000000000000000000000000000000a59,0x,call,call,,3079946,24993,1,"0,31,0,4",,1,2023-03-01 07:07:59,16732186,0xb1ef4c6b3837acf7654ff224b2ad754e20d4bb0146ffe5a22046a518c862ac52,call_0x8f300b40d3425091b49ac5dae35fa1b2c313d38fb1fffc485ba9e553ccdf489d_0_31_0_4
0xdcd6e309c27592aa82d4ea66082275a686c5c3aa15b95369ee00cd35d6c34d13,95,0x271d280dd9b50e94b0e472d5e00ef3ab7ed90cba,0x64192819ac13ef72bf6b5ae239ac672b43a9af08,0,0x4d0d6673000000000000000000000000000000000000000000000000000000000002034f0000000000000000000000000000000000000000000000000000000000000001000000000000000000000000271d280dd9b50e94b0e472d5e00ef3ab7ed90cba000000000000000000000000c02aaa39b223fe8d0a0e5c4f27ead9083c756cc20000000000000000000000000000000000000000000000000000000000000001000000000000000000000000271d280dd9b50e94b0e472d5e00ef3ab7ed90cba000000000000000000000000c99a6a985ed2cac1ef41640596c5a5f9f4e19ef500000000000000000000000000000000000000000000000000000000000007e4000000000000000000000000000000000000000000000000000000000000000000000000000000000000000000000000000000000000000000000000000000000000000000000000000000000000000000000000000000000cf0b998b839ce6100000000000000000000000000000000000000000000000000000000000001800000000000000000000000000000000000000000000000000000000000000011000000000000000000000000000000000000000000000000000000000000001caf00e678869ed44c1e1123e5fa8d1afe07d6beeaa2354cbeccd1a4a07978fec3681ad443960a454fe041bd5583ec66b5cf5d916a715635da894858599a716c57000000000000000000000000000000000000000000000000000000000000001b20ef6d67a7d6906fe16917d597473a79051ffc88dc88b66375654e17747b16666c20acf945367b189bfaa7c4bcb850ddd623663dfda1abf59dc300612570353a000000000000000000000000000000000000000000000000000000000000001bda2600b2df3cbe0159c1d6b53a66fc2a210b16072ff71d1bf915b2b6a28a9bb6621194a1a7bc5b856b7d479dff5a0afc4ec0b77ce74e176f923fd72d9a1a3349000000000000000000000000000000000000000000000000000000000000001ce59b9f621e15bae60a7cd5a4450ff172504271e137ed789400b44418bf1aa99f4347a138d2aca69e61484b3dbe331434314fad4d215856946faad09b126c9ad2000000000000000000000000000000000000000000000000000000000000001b01e1dab8a8fe33f34a37d59dc8be0e2aee16d91eef8b9b1f62750941845ca2a52b75d2e75d75d1dd6626502fc18e966cb2047f0cde4e77027a8e3bbcc9ecb6cf000000000000000000000000000000000000000000000000000000000000001c662ac529bc680f68f983bbee274c5498cdac28894d8b3c9b126dcdfb1d4a84b813f8bd9c1fa15c17eb94052d27f0b14bebcb2f43740e4abf64339301f470bc9c000000000000000000000000000000000000000000000000000000000000001bb16af3e11cc7adc3f42a4b9d33949a3889af4c8683a69ebfb9af6d422d92bec03c498854a1cec13fff6a9bd0d0ddfe0cf866669471dba7f25ea692ee86c5d94d000000000000000000000000000000000000000000000000000000000000001b11c109eb2ab23b5f098b1bccf2ff6ca102d005b11709d86ce47d29b385141cf86c73b6fa61a30ce176996d3304312ee009ea1e87d1908176619817d224161ef3000000000000000000000000000000000000000000000000000000000000001b1e8106fbf2eecab81ff8416b5d606b54b4062b7c067202cb6e1aa529c21342d01d8de0e8846b715396e8bcd6c1b034e38cf11f365ce264ebab395b7efdef567c000000000000000000000000000000000000000000000000000000000000001cab51809d62a9bcc2db90d15ccd279e26aa26547e8536ce4400abbde58ac3ed817c11016d1ca5c115f33eddfb6139bbb5e20f86cf3166e2d3b68b094a8dda3d19000000000000000000000000000000000000000000000000000000000000001b2888af0526575fc5fe373045e519be87eb0a3fc3d5e2a787062f2ce613dfd13f7849041b54cd68aaee90e749d583d2e804db300002063519974329bf8d54424f000000000000000000000000000000000000000000000000000000000000001b31d3fa8c0e6b3bf54ebd50a29be995a970d8868032ef6544814cbb6e22ee24aa20c5471ecc2b368caed41b0cf113c3cd93247cda5fc2a462218c2dec81943489000000000000000000000000000000000000000000000000000000000000001cba8535cd139f058f45b48b4511b5f0635c08c5decaca1e2eeda1cccc29e950086d3ef27fc6f64a59d6a511862ddc1e4a0aa97c295254d54fcb398fa85795e6cf000000000000000000000000000000000000000000000000000000000000001bc446d3a3e7adf0beae87a84a3865fbd449e0adb1c40563777337e4114cd114d54cb39f6b7b68a38f87e45e9331e7031e441bcb37a50a797efd62049b39227fc6000000000000000000000000000000000000000000000000000000000000001c1b241f2080180eaad49f7d5d5bc9adc7110cedec19664d48bef7c7d5abb146a97e68671a0dce12284831967dc2b147b9c7a65d09bd649af96132e37682e13dce000000000000000000000000000000000000000000000000000000000000001b26f115bc6934c46c27a909a09bfa8bb9f69194d738f3fe4d90903c449e05819e33c80f8f37cdd797edc93f98c5916064a6eb6d4471e31830619f44c366788752000000000000000000000000000000000000000000000000000000000000001b686e32ef4dacefe65f668924757e871ca5a798c8100073012beeedc321ddc7dc619b3dca024977bf05ea80fed0147a7326b67df76bac512ee64e250cc6c50801,0x0000000000000000000000000000000000000000000000000000000000000000,call,call,,199380,196426,1,,,1,2023-03-02 03:38:59,16738269,0x4c7ef396a6aad2da2febfa6ce1f9c7bbe89ba24152f7cd3e60fdfaacea7a3bec,call_0xdcd6e309c27592aa82d4ea66082275a686c5c3aa15b95369ee00cd35d6c34d13_
0x756287804a045848125c57c4183a9bf9bbfb50ce3de30df1957a44434864296b,71,0xdb5485c85bd95f38f9def0ca85499ef67dc581c0,0x405a7b99bdd5835392c7cc9694cf0fc716790960,0,0x18160ddd,0x000000000000000000000000000000000000000000000000000000000000014d,call,delegatecall,,371958,2416,0,"0,0,1,0",,1,2023-03-01 04:48:11,16731493,0xe73743a7c76918924198347fb0cdf99307b1a39e565c49fe7d2ade45de1dd306,call_0x756287804a045848125c57c4183a9bf9bbfb50ce3de30df1957a44434864296b_0_0_1_0
0xba4cb3b50ed0b45b6798cb8503c149340f1a5416baa56fe8310692dd512ed63c,142,0x1111111254eeb25477b68fb85ed929f73a960582,0x74de5d4fcbf63e00296fd95d33236b9794016631,37417216611613788,0x,0x,call,call,,85796,40,0,"1,0,1,2",,1,2023-03-02 01:42:23,16737689,0x5429a382e4a8acaa0fa569a847978b4a857bc29175eb0d44a85d6c246ab70937,call_0xba4cb3b50ed0b45b6798cb8503c149340f1a5416baa56fe8310692dd512ed63c_1_0_1_2
0xf1aeaa3218c19341ad0d470ff7e2007fe3f298e59d14c465681487eea2014402,15,0xdef1c0ded9bec7f1a1670819833240f027b25eff,0x3aed5b9062a222721051759568ccd68d09f3d927,0,0x022c0d9f0000000000000000000000000000000000000000000000014fe37e9320dd7bd10000000000000000000000000000000000000000000000000000000000000000000000000000000000000000e66b31678d6c16e9ebf358268a790b763c13375000000000000000000000000000000000000000000000000000000000000000800000000000000000000000000000000000000000000000000000000000000000,0x,call,call,,98808,64865,3,"1,0,3",,1,2023-03-01 17:33:59,16735281,0x564b0ac43ca79f42f3859e70d0a6fb790ce6e2538f4fc0266be446a17bd1dc7b,call_0xf1aeaa3218c19341ad0d470ff7e2007fe3f298e59d14c465681487eea2014402_1_0_3
0x896d2b171650c99d73c497a05ebf65766daeebc911e8d0fe17a79f96d160d0e7,121,0xa0b86991c6218b36c1d19d4a2e9eb0ce3606eb48,0xa2327a938febf5fec13bacfb16ae10ecbc4cbdcf,0,0x70a0823100000000000000000000000088e6a0c2ddd26feeb64f039a2c41296fcb3f5640,0x00000000000000000000000000000000000000000000000000007184d38f1286,call,delegatecall,,522898,529,0,"1,3,0",,1,2023-03-01 23:05:47,16736921,0xdc51324fc2e90497ae1397f8871079804348b8ec6289752af345cd663e05dc0a,call_0x896d2b171650c99d73c497a05ebf65766daeebc911e8d0fe17a79f96d160d0e7_1_3_0
0xced522cc5c5e50261dfdc4e8ace0ef0ce571a6905f6f312f4a02dd5dffbc9203,8,0xb7f830845e9f385372ae6fb160aa968908f5bfbc,0x7b5bba4770be76abbca03864c1b3a73414e3b5a6,50998190000000000,0x,0x,call,call,,0,0,0,,,1,2023-03-01 01:04:23,16730388,0x3060c063d165b8f46089d591963f709291befe3f9e461ebc7bb73a77dbdefe6e,call_0xced522cc5c5e50261dfdc4e8ace0ef0ce571a6905f6f312f4a02dd5dffbc9203_
0xc49ee6c251f41f6144388c7384882d39fb11ba4ee9fc375516e37eb6f0f47ed8,117,0xe66b31678d6c16e9ebf358268a790b763c133750,0xdef1c0ded9bec7f1a1670819833240f027b25eff,234701636830084463,0xd9627aa400000000000000000000000000000000000000000000000000000000000000800000000000000000000000000000000000000000000000000341d3e52b75bd6f0000000000000000000000000000000000000000000000883615f556cbc93ea700000000000000000000000000000000000000000000000000000000000000000000000000000000000000000000000000000000000000000000000000000002000000000000000000000000eeeeeeeeeeeeeeeeeeeeeeeeeeeeeeeeeeeeeeee000000000000000000000000d13cfd3133239a3c73a9e535a5c4dadee36b395c869584cd000000000000000000000000382ffce2287252f930e1c8dc9328dac5bf282ba10000000000000000000000000000000000000000000000c9daa49a9a6400d3f4,0x00000000000000000000000000000000000000000000008c6c8ac2dd70707560,call,call,,140059,102763,1,1,,1,2023-03-02 16:51:11,16742169,0x0596f5c0a20c7dbc18aa722fcfdfac34024db6f599a03dbd42fa36c06f0afe0d,call_0xc49ee6c251f41f6144388c7384882d39fb11ba4ee9fc375516e37eb6f0f47ed8_1
0x4cc22cd608ab1dd3f8e5d9a6aef5671ebde27edb9acc39766200ccc4347e216a,45,0x97476d5d82d333eba607fccc4125a3597dba8931,0x603901fb8027a04f4031f2f354c469f31765f029,0,0xf320772300000000000000000000000000000000000000000000086a619fb42b36c19b470000000000000000000000000000000000000000000000000000000000000041,0x,call,delegatecall,,953078,46244,1,"0,2,1",,1,2023-03-01 18:56:35,16735688,0x33cf8365dc300d8d8214c4225a442f0379dfcae506f48a97ed30618cff8a72b0,call_0x4cc22cd608ab1dd3f8e5d9a6aef5671ebde27edb9acc39766200ccc4347e216a_0_2_1
0x5a21172e62a200cbc2812dc3aa78016640caf3eaf984f5a9e0823c4f8f355f52,57,0x1e0049783f008a0085193e00003d00cd54003c71,0x36dcebe5537c23d59945560e216c8ae902d0cd09,0,0x23b872dd00000000000000000000000038abff6bcb05c61dddd0c921789f11c9f2ba584500000000000000000000000002c49f70c624a74afd31b6ac3d02a5201740c0560000000000000000000000000000000000000000000000000000000000000038,0x,call,call,,111003,49304,2,"1,0",,1,2023-03-01 08:39:47,16732642,0xd223271597b4cb94fbc88f5fbf5db9e2f0052188a62824d7ef74a24b2cac1b97,call_0x5a21172e62a200cbc2812dc3aa78016640caf3eaf984f5a9e0823c4f8f355f52_1_0
0x44e8b0c3dfe6d7c15508c369e0df1a950cc4900c55de519ccd40a27884d8e18e,13,0xa0b86991c6218b36c1d19d4a2e9eb0ce3606eb48,0xa2327a938febf5fec13bacfb16ae10ecbc4cbdcf,0,0x313ce567,0x0000000000000000000000000000000000000000000000000000000000000006,call,delegatecall,,9884911,381,0,"76,0",,1,2023-03-01 18:53:11,16735671,0xd86b67bf81b2f9c4b4966cadb5738bbd3a25599bf83f772a818ad85587bb8d9d,call_0x44e8b0c3dfe6d7c15508c369e0df1a950cc4900c55de519ccd40a27884d8e18e_76_0
0x0c95c60501a6df771347a263cd2495ffbe9ada586b739dc5f3bd4cb87dbbb768,57,0xabea9132b05a70803a4e85094fd0e1800777fbef,0xc91a71a1ffa3d8b22ba615ba1b9c01b2bbbf55ad,0,0x70a08231000000000000000000000000abea9132b05a70803a4e85094fd0e1800777fbef,0x0000000000000000000000000000000000000000001c76052f300858884186c5,call,staticcall,,244190,863,0,"16,0,1,0,2",,1,2023-03-01 20:21:35,16736109,0xc10af18d55c22e6ffab969bf11ac81e1583d1e785f368d6089085c113ee5d5e4,call_0x0c95c60501a6df771347a263cd2495ffbe9ada586b739dc5f3bd4cb87dbbb768_16_0_1_0_2
0x4034cf65d4054987de8968ddb2ea9cd69b4445edbd5b643f5889a551021ca6ca,75,0x1e0049783f008a0085193e00003d00cd54003c71,0x0d7cbfa90a214fc0d8ea692779626fc3dfebbe08,0,0x23b872dd000000000000000000000000a4e96f19b0da586a50136036b1b96982a603c65e000000000000000000000000f2cb05b0ae3923c3b6ac786542ddc3722eef8c6d000000000000000000000000000000000000000000000000000000000000005e,0x,call,call,,60643,46649,0,"0,0",,0,2023-03-01 22:58:59,16736887,0xd4accdcfca0eb5ec939f00f88de770a093ff6fe89d59daec5686c3bc31cf4c46,call_0x4034cf65d4054987de8968ddb2ea9cd69b4445edbd5b643f5889a551021ca6ca_0_0
0x0d35a9f8d3d48e5b3a6751bafb58590a8e28c569065e636b046fe902f830d15e,95,0xbe5dab4a2e9cd0f27300db4ab94bee3a233aeb19,0xb0ddff09c4019e31960de11bd845e836078e8ebe,0,0x1f7b6d32,0x00000000000000000000000000000000000000000000000000000000000145fa,call,staticcall,,650276,553,0,12,,1,2023-03-02 02:49:23,16738022,0x33d1d04a8403ca2420f7618b96ea0f626e309c38aed992d6e23d905795dfffec,call_0x0d35a9f8d3d48e5b3a6751bafb58590a8e28c569065e636b046fe902f830d15e_12
0x9d18599fe49a3bee7e77b8f8ac53a834a7ea66bbbe5e22778acaebb46eb0a338,91,0x8898b472c54c31894e3b9bb83cea802a5d0e63c6,0xf7c4d7dcec2c09a15f2db5831d6d25eaef0a296c,0,0xfa31de01000000000000000000000000000000000000000000000000000000006172626f000000000000000000000000ee9dec2712cce65174b561151701bf54b99c24c80000000000000000000000000000000000000000000000000000000000000060000000000000000000000000000000000000000000000000000000000000006500657468000000000000000000000000a0b86991c6218b36c1d19d4a2e9eb0ce3606eb4803000000000000000000000000000000000000000000000000000000000494cda50f1929db0d67da59f63d90c1b41921eb2494d085daeb024e6cd6c79d44bf0d7a000000000000000000000000000000000000000000000000000000,0xb57e7961167b1bc2e609d415ef368bb387c177524af3ce68e2fe7e95e5303fc0000000000000000000000000000000000000000000000000000000000000004000000000000000000000000000000000000000000000000000000000000000b1006574680000000000000000000000008898b472c54c31894e3b9bb83cea802a5d0e63c6000002b86172626f000000000000000000000000ee9dec2712cce65174b561151701bf54b99c24c800657468000000000000000000000000a0b86991c6218b36c1d19d4a2e9eb0ce3606eb4803000000000000000000000000000000000000000000000000000000000494cda50f1929db0d67da59f63d90c1b41921eb2494d085daeb024e6cd6c79d44bf0d7a000000000000000000000000000000,call,call,,232980,118472,1,"0,5",,1,2023-03-02 06:58:11,16739250,0x7b8491924cd267edfc65f0c2fbc6cd997ba5f22f5abe355710f07fc8d39a15db,call_0x9d18599fe49a3bee7e77b8f8ac53a834a7ea66bbbe5e22778acaebb46eb0a338_0_5
0x533ff37c71393f16f349126aba63cfbf4831887ccb0ff8f7efe0742025122af5,0,0x9dda370f43567b9c757a3f946705567bce482c42,0x7a250d5630b4cf539739df2c5dacb4c659f2488d,0,0x791ac9470000000000000000000000000000000000000000000000000007b1fb6cebc7ca00000000000000000000000000000000000000000000000003102806d465bca500000000000000000000000000000000000000000000000000000000000000a00000000000000000000000009dda370f43567b9c757a3f946705567bce482c42000000000000000000000000000000000000000000000000000000006400d679000000000000000000000000000000000000000000000000000000000000000200000000000000000000000086cef304c773a9142c2cf1e5654b4a17606cf694000000000000000000000000c02aaa39b223fe8d0a0e5c4f27ead9083c756cc2,0x,call,call,,211689,162554,7,,,1,2023-03-02 16:51:47,16742172,0x5c8102798afa604e8abd2a256151e2129e5a3cf892b050c62cd7feb50dfca618,call_0x533ff37c71393f16f349126aba63cfbf4831887ccb0ff8f7efe0742025122af5_
0x8a434289e987ab4570e9643a5918549aa49fc3e50c270ed587bd986c3c4421fd,24,0x1111111254eeb25477b68fb85ed929f73a960582,0xe0554a476a092703abdb3ef35c80e0d76d32939f,0,0xddca3f43,0x0000000000000000000000000000000000000000000000000000000000000064,call,staticcall,,174707,251,0,"0,2,2",,1,2023-03-01 23:54:11,16737161,0x6e0d5cfd3915ea5e1351d6efef84e03401e625be927cfd3bc0d101828e45b390,call_0x8a434289e987ab4570e9643a5918549aa49fc3e50c270ed587bd986c3c4421fd_0_2_2
0xfeda160af8c313208b662b75cac45a4260482c9fa8ee3cd481c354c52ee4d143,129,0x000000000000ad05ccc4f10045630fb830b95127,0x00000000000111abe46ff893f3b2fdf1f759a8a8,0,0x789f93f60000000000000000000000009a27d13a4896baa03843a0728dff6007d665f8ee000000000000000000000000f313c432cb3266d27b91e1db0dc8b0af3f018d9600000000000000000000000049cadc05a6fdb334b4a9ebb979c814db1d0f03a2000000000000000000000000000000000000000000000000000000000000027e,0x,call,call,,583158,48444,1,"0,8,0,5",,1,2023-03-02 14:56:23,16741608,0xea61ecaa2ce13a436a115c99c648fa305d779f5c785769783a4b7b98585f9c30,call_0xfeda160af8c313208b662b75cac45a4260482c9fa8ee3cd481c354c52ee4d143_0_8_0_5
0x8953ce2243d9567fd98a8b1d4fe863e5c0b9c878a321b65a28f7cf617d037ce0,31,0xbe9895146f7af43049ca1c1ae358b0541ea49704,0x31724ca0c982a31fbb5c57f4217ab585271fc9a5,0,0x70a0823100000000000000000000000027182842e098f60e3d576794a5bffb0777e025d3,0x000000000000000000000000000000000000000000000554dfefdc940e1db7f7,call,delegatecall,,153705,529,0,"0,0,0,2,0",,1,2023-03-02 00:19:35,16737284,0x2c4e57b95a93a1c041cc8ed3977e45080c16babd7d109c1572c249702ea00a11,call_0x8953ce2243d9567fd98a8b1d4fe863e5c0b9c878a321b65a28f7cf617d037ce0_0_0_0_2_0
0xcea0aa05fe7b010378ed7fca8262169e626c4b5c6fcc3afcfe3df098f80ea6d8,140,0x1111111254eeb25477b68fb85ed929f73a960582,0xcd423f3ab39a11ff1d9208b7d37df56e902c932b,0,0x0dfe1681,0x000000000000000000000000b23d80f5fefcddaa212212f028021b41ded428cf,call,staticcall,,41809,266,0,"1,2,0",,1,2023-03-02 16:57:59,16742203,0x96543d2009c06470e92400b77450f33b8557e2a7fb1f302161a139f1c9d253fd,call_0xcea0aa05fe7b010378ed7fca8262169e626c4b5c6fcc3afcfe3df098f80ea6d8_1_2_0
0x8b14dc33ba9032d7b5e72f26585a1f58f15b21f0ce3e1243778dca8729fba2cd,216,0x41ff40c4a06fce58f9b82e7e9959f58c65acb3f1,0xa5409ec958c83c3f309868babaca7c86dcb077c1,0,0xc4552791000000000000000000000000d4a1dec441846fcc444dcdab7122f690370a3dc4,0x000000000000000000000000eb392144b1fb6311d8cf9b78a591b3ee09a514bf,call,staticcall,,849503,782,0,"0,5,0,5,0,2",,1,2023-03-01 08:05:23,16732470,0x216da732c7a2963d0f01288dd5fcc3b3e96d96a8897085410e909ef63d614d21,call_0x8b14dc33ba9032d7b5e72f26585a1f58f15b21f0ce3e1243778dca8729fba2cd_0_5_0_5_0_2
0x2250f60269cf1d35a57e30c5188fc7e61536c8ab967fe536ff731a84f9a64aa4,16,0xb6ccf1658b8f8b221e5c9b5e22809beffd61a2e9,0xae1107fc7cef1294f09185ac475c9886527dcd8a,0,0xa9059cbb0000000000000000000000008f1e73a01b217fc2f14f0317722bce699dd59be0000000000000000000000000000000000000000000000001a0365289c20c9b00,0x0000000000000000000000000000000000000000000000000000000000000001,call,call,,117358,11648,0,13,,1,2023-03-01 11:27:35,16733470,0x7a0265b58873ec159aba3ed69d8ff6d9ea14424b295764e9f994a91cbdd6025d,call_0x2250f60269cf1d35a57e30c5188fc7e61536c8ab967fe536ff731a84f9a64aa4_13
0xc8173f514fb74c32631bd22f4fdaba77d34ccf1cb6c9fde47cfce0212ed224ba,329,0x0000000000a39bb272e79075ade125fd351887ac,0x17584a148d27ac5d06d87771464dacbaf625ce45,0,0x23b872dd000000000000000000000000d4cc2708515da66a3ec0c25db53d2a623914d179000000000000000000000000cc0ecd808ce4fed81f0552b3889656b28aa2bae90000000000000000000000000000000000000000000000000021c0331d5dc000,0x0000000000000000000000000000000000000000000000000000000000000001,call,delegatecall,,1614210,8354,0,"0,2,0,3,0",,1,2023-03-01 23:30:11,16737042,0x5928bad3e8cceed22e85f1b1f7e43fcb3af812a7076bf343f93e606351dace90,call_0xc8173f514fb74c32631bd22f4fdaba77d34ccf1cb6c9fde47cfce0212ed224ba_0_2_0_3_0
0xd5359ca4f52f6dd98502ebe466a60702ca5e4492e960ea3566e729de9c339e2e,58,0x3b3ae790df4f312e745d270119c6052904fb6790,0xfce167fde2505541ca7b0339f3665bfbc3f094db,0,0xfa461e33ffffffffffffffffffffffffffffffffffffffffffffffffeaf24df13f18fb04000000000000000000000000000000000000000000000000008e1bc9bf040000000000000000000000000000000000000000000000000000000000000000006000000000000000000000000000000000000000000000000000000000000000200000000000000000000000003b3ae790df4f312e745d270119c6052904fb6790,0x,call,delegatecall,,90433,8577,4,"0,1,2,0",,1,2023-03-01 06:15:35,16731928,0xbf8dcbb7b9422c6a83c48d2ae7910aa752bdb69b59d19fe1aaca1f4016a6b0e5,call_0xd5359ca4f52f6dd98502ebe466a60702ca5e4492e960ea3566e729de9c339e2e_0_1_2_0
0xb12327d1208fa0d3c69e5eabe18561a0f16fac7d658aad7cb81d5c3762833eb6,148,0xfd20b307efb36a06016e9f583c5c9f24a6c91a62,0x714675a0421e9fd185f0ea4baf9d0878788c5082,0,0x70a08231000000000000000000000000fd20b307efb36a06016e9f583c5c9f24a6c91a62,0x00000000000000000000000000000000000000000000000008144044b9c8d640,call,staticcall,,210205,2632,0,"1,0,1,3,1",,1,2023-03-02 18:42:11,16742715,0x1f0a037d0871ce9e91414906385a687b01dcfce9b485a63effb23238a469889e,call_0xb12327d1208fa0d3c69e5eabe18561a0f16fac7d658aad7cb81d5c3762833eb6_1_0_1_3_1
0xce5515afc9cb77c98400e6d22f8004c2cad0d7ab3cbb2ad9121f81ff352ac1e1,49,0x64187ae08781b09368e6253f9e94951243a493d5,0x21a8d15322c257abd2b22a56edde758398be0f32,0,0xfc505d3700000000000000000000000000000000000000000000000000000000000001380000000000000000000000000000000000000000000000000000000000171240,0x000000000000000000000000000000000000000000000000000d85f717c367bb,call,delegatecall,,611368,508,0,"7,2,0,2,0,4,3,6",,1,2023-03-01 18:49:47,16735654,0x43cbad8c9109f6ef8c60c7da3da92c07e2ac4a76cc73098e43f493b6700f57f0,call_0xce5515afc9cb77c98400e6d22f8004c2cad0d7ab3cbb2ad9121f81ff352ac1e1_7_2_0_2_0_4_3_6
0x0b0b66cde6af8b44d1eddcc9df8481a1b36ce6a39a406f3ffd85e5e0fbf80158,13,0xd1b72a8ae97f51d7bd4af257a124175688924001,0x767af52d988d1241a346851a1b39ccd11357376e,0,0x6ac56d4e0d277d46f9ca02d6a5de5983e842c97a291d4614dabc045679e7f08bd051048a00000000000000000000000000000000000000000000000000000000000000400000000000000000000000000000000000000000000000000000000000000120c0b34e1dd256459fdab7d9b632b06f2e7fe258ecee8cb752831a6f3d05512c490466d8d32855a19da8962b49489a9819ab1b9bce4503b752831a6f3d05512c49043b5bd32855a1a74017f6dcb8dd9819cf1b3f654503b752831a6f3d05512c57c05995d32855a1a74017f6ddba380a5bb511d38c68e05abc9c028f287954aa42a458be09e92a342a6ef2d57e98bf9e808a8cfe58c61d7052837ecf856cc0ea764b6f5402b51f8f39f0d9c0da5395e23cc24d0fd18a50206b5c363291b19775a588d497fb88edc83686367dea790c0553e1858fab73055c1ae2f3656d162f33339cc76173fbf151b3376472dab8dd9819cf1b3f654503b752831a6f3d05512c57fb93444dd52ac6945d58e86a72348483c8ac6e8cfc27569fa1b91751b22c06a2,0x08c379a000000000000000000000000000000000000000000000000000000000000000200000000000000000000000000000000000000000000000000000000000000015496e73756666696369656e744f7574416d6f756e740000000000000000000000,call,call,,541333,24354,1,,Reverted,0,2023-03-02 13:26:23,16741166,0x43fc19c84e884df1922305d1e58687f826aacae5c4bb6cc109ed7f607de63eb8,call_0x0b0b66cde6af8b44d1eddcc9df8481a1b36ce6a39a406f3ffd85e5e0fbf80158_
0x34b2f1869d493a83f2a46887651a94829123380910cf46465cd32c793e1bcdc4,3,0x8290dbccb15b5a516deee2805c58e56075d6605e,0xc02aaa39b223fe8d0a0e5c4f27ead9083c756cc2,0,0x2e1a7d4d0000000000000000000000000000000000000000000000000047d339430c3e9f,0x,call,call,,66227,9247,1,"0,3,0",,1,2023-03-02 18:28:23,16742648,0xef1a623c193dd0875acae5f1b4f1941607338c02fbfa90a25d39f5a786e4abe2,call_0x34b2f1869d493a83f2a46887651a94829123380910cf46465cd32c793e1bcdc4_0_3_0
0x0c91718abf4670e0401e5d584a1eaa60a18b67d7c0b427ac5134a4240bddaf19,138,0x9ecbb8dbff5d32643fe308b399cef26d384875ba,0xd5c2fb313f9536558c2f3bd6cf698e6295b3c3b1,0,0x9538656500000000000000000000000087ef0bc2ab6951792c01f615d9ce99a166c8489c,0x0000000000000000000000000000000000000000000000000000000000000064,call,delegatecall,,123187,2626,0,"0,6,0",,1,2023-03-02 02:51:35,16738033,0x7eb46d3ec00fdda9cfd0bdf9e28a1e6b075c67ffacc33508323ddc3f44802804,call_0x0c91718abf4670e0401e5d584a1eaa60a18b67d7c0b427ac5134a4240bddaf19_0_6_0
0x9f38f0549382c96a5b224dc79d7d7048333061f9a0de391e5348433ccda1219c,119,0xf8a875c454771e8b96af2c6f98f7a7cbd3d5ce83,0x9a37ce38b8831292da23c841e53e1bc619d3267d,0,0x2638bef20000000000000000000000000000000000000000000000028858086d492d40000000000000000000000000000000000000000000000000000000000000000080000000000000000000000000000000000000000000000000000000000000012000000000000000000000000000000000000000000000000000000000000001c0000000000000000000000000000000000000000000000000000000000000000400000000000000000000000000000000000000000000000000000000000000010000000000000000000000000000000000000000000000000000000000000002000000000000000000000000000000000000000000000000000000000000000300000000000000000000000000000000000000000000000000000000000000040000000000000000000000000000000000000000000000000000000000000004000000000000000000000000000000000000000000000000dbfa9ba5a0101800000000000000000000000000000000000000000000000000bbcab2856dff00000000000000000000000000000000000000000000000000008fcbbe344025000000000000000000000000000000000000000000000000000060c71803d1629400000000000000000000000000000000000000000000000000000000000000000400000000000000000000000000000000000000000000000000000000000000800000000000000000000000000000000000000000000000000000000000000300000000000000000000000000000000000000000000000000000000000000058000000000000000000000000000000000000000000000000000000000000007600000000000000000000000000000000000000000000000000000000000000013affa81b443d44a473bbff72c813e609081a1850c8d2cfe7f16612b5ac341f466228614d686d1745dcfd6471a745fe5dd58a5fcfef79a00a259847a571cf3acf491ce2b82a788c6851fb03a7cd7b3906d8a4766cc753a435c89a322208524adf55ca3aab50591e358c5606dccc91c3a50607d382a1dfbf4fd41a03673fe6b7e3a4b10643aee342e45367a92d9e3689095b7d18aed5f710dd95e3e1dc3b79deda2c4fd4b2987dfd12bd5a2cc642924aba72db98153adb3a94221222afb9d47f21a3dd3098b926bde174ef749fbc3c4fc68a0d577d9ba4f2e369211b90d2fb2fb95d4c4337ce78fccdc697b367e5a69c6c430f2d67351c270daf566f5bc8f20fdbcedc5373a9f72c36455490b475e5295cb89b63cb5925cc578a03e417d64642226f96b2124a44d69b625281a97fb101b3552530b45f5e79d1c8accee5a81669a37ad14966cf8aef35db1bd626b04af470a7af13c26ebab32fbbd47cf39b49c31b3acf662ca4315b9c03d28296b2582be58e05593b6f6c1e28ff972c9ef628ff441401451fb026715df9e3064a801334bfaf6c8ad9adfdfc5b20c4b34e06cdb53d00b0ab85b5a304a1db86bb17f6e89f8656eb0bd9e4f199ceef49ad2a48b1d4f2cd06a05e7420708722a54df07be1ea21882c182333891f20d83db4532c82dfd1a74c6a42924b431c3339bbe6cb6309fe96940f5bae7609d6825a43c7d3be508905f3bca702ac17739acd88fd4afbcd2425f881c7e8a0cf0a3cbcaec67ba78489cba263fa21441ed9ef5909c2cbc7dd2fccf8d3517827df2a2b61e8acce90d598b74f37a38fe5fa835e058964ecf2962897e067ec72461f8f089af933be15100d40000000000000000000000000000000000000000000000000000000000000013c7df377d775e67bb4b65f9a7594c6102d3737a59c5f0ecb3d7186ceee45e660c64618a56a3c755c37030e60421a4342eeca5669c339c69ed2d10734cdd86e3e80ab3d13005d6b0f43632a271285b308c5de5a38b2b811bac5c7c66414658d3c4fe71eea84f36c4761436bafe5e1f70b5bc4ac42edd25766b4effdd727dece5775ffeffea9e0c9f8a088a62216da9c296c8128689859dad720e0dea67f908a93f8e2a67132f5e5e626f3c7ba096dac5cd45b4381821e7f802c0092ae31950bc16d1bc00a84e329007361c41182372a672eb39dd3b8f8bc8fd34f23e6b23c6b5c5cc2d8919c10b384c3b3adb54ca61205bcd761742aed9e5997108a8955e8bee96ced87a9c058743ad5032c898b88a1221db741d314ac2bb72ef8e8b72f66bdf893c44a5c4263a1a58a0aa191a8ecca6b08925b5d10ab4ffb1525a0dfce1fec01b931ee87b1f339f8efd927f25db7b12a4c7d297505e67c768ea1ed9ef060c0e89e6d4fd40d3ea554ddd8ed504029623537469ee88e55c663d47f3b4fa9994904a96e16f39b262001d784202f8fb4763cd6867d4f1d9e7692853b01b8439c505fb112b16c93caf22c1c90048c3c0f375aee7de4ec7e0dabe8a3a43354afc0347fef7bb95d3dd925bf8372491cf7469feb885d1380704ecf92b16700848c1299c933e419714185c812d383d91a8399a7b047ea62fc1e23e156849478d02b07b77b55f3bca702ac17739acd88fd4afbcd2425f881c7e8a0cf0a3cbcaec67ba78489cba263fa21441ed9ef5909c2cbc7dd2fccf8d3517827df2a2b61e8acce90d598b74f37a38fe5fa835e058964ecf2962897e067ec72461f8f089af933be15100d4000000000000000000000000000000000000000000000000000000000000000efd85c36abe2911749fbf79fa7f23b7945bd6351fd141929181fa9b2cb83266781adf4cc55b9db6f442117854a53fdc65ed6eebac8a31ab450bdfceed5bdba9bf6a15c22f600313f3dd6abe7c91340caf8b60d20cc840dc6422e1db4db55b94fbc94f6d67d4ceac2aae6d997dfcf61a29a3cd5c421604faf882ef7600bd72d3ab0a921d0ae2307e205f5de75ec56f606136adb63999e766e9b12b1209724e14599bd9855295bf71743030db5687cb8905101afd4b081acd70574016e4cbd9e1946b21fcd5a600c12ee6a84bcc2ec722853fa426af9fdf06bab506a3d702cdf2b364063887fd1719fbbe7f08b22be98c494a1d9aed6fdbcf0fc6ec5f892821a65e0825d7c5e94836ac88e80c903fbd3867dcb630b5161063fe6c51a1a81436fcadf520f9661e168752f0b75c520c1d96f3bd3e732b670a700ab877899abbfaa7d6a98d67ba1e983c0afc1fbb7b71594f3461a5f22a84ddad659462ea843bb3eba64b5b87b7e4aaa32d9636b2288a5a276b305e474785b7f640468f719df2a176bb3251f28b530c8ccea968bd106539df212868233ae4749c6b20fdc3dd9b96d7e7ad7e43b6e8982c836f41da868eb1e62c96794d101524a575237e10ddb80ab74c00000000000000000000000000000000000000000000000000000000000000133cb63eed06fb48b6b311ad9bb602ec69672a2ea1dabd6dbeba51ce97bb278fc7a563bab3f4b9704052d205f3ccc0902304a64437cd649651629ca58a58f54f1d7154777b13143d56eb0a719ec84e8eb8be64b8d016382a9a7bb449f42c41440c98bce1e1f79183228d4ec9a1781d9c4f3bde0bc618a921eea494366e8a2487d04ec12a1f3310ebb76c08b4b18793517d7017b5416d7b31c26de821ea7718ecfb9f0e95d816c164d3582400afd48ce7265d80a2fae77fd0c44e765d1ad641438b4eb44b96be215780cc818d03f33386397ea914fd99b2142673cad626e66d752c1fdf84ff09d7b8798ed1225ba8997151dd0658ad5eaacafbd69f347f12c33290eabf98ee86ff66165c31b1900f11a1d0506208a29c37b0b4581309d65a747a1810469531fac962e34004f361f6a9acccd3d0f3cbc88f3f5c5af790c30ec9e0f002a828da235c61b9c31b0fb4a5e7ed80679974895e0ae239e4acd62bee4767dd4051d4b3c1e16dcee337389d1a044cc185f92f8ff2126a33745c4d386715e8c3cc49d49802a8c08deb07f961ef979bc245723fa07518e38f3117cb6cfed74b86919f88fbff50a8b0effae4e1e11268c553197662604bb46bb452610f5a8aaa2ab062bfc6bd462796ede777c1b0c730be49a2386b1b7dee75a1e0bf55f0729b52c812ea475895977e9c1e1eeeb74e05acfc2f51b130647ba41781af0c0cbd2d3d0b3141bc34799e25ff3312e88531868197ee3d02d8774cedfbc3d59402c76c29690388f0a3d9c62cb125a80d08708fcc089cf25b31ec8fcfb5f2dd31fb8dc33b74f37a38fe5fa835e058964ecf2962897e067ec72461f8f089af933be15100d4,0x,call,call,,196415,196415,4,,,1,2023-03-02 11:20:11,16740545,0x508c38ffa8bcd7fc949a672be8879a50c31dbbcdbecf1603aaa408b3ea2be38a,call_0x9f38f0549382c96a5b224dc79d7d7048333061f9a0de391e5348433ccda1219c_
0x34cbda497d044b19cb3bd33385406ad00fff6189b9e083c9af169a7217534660,39,0xa0b86991c6218b36c1d19d4a2e9eb0ce3606eb48,0xa2327a938febf5fec13bacfb16ae10ecbc4cbdcf,0,0xa9059cbb000000000000000000000000f4a68a1e0cba3f6f2aff53ae24b9751bcd2141220000000000000000000000000000000000000000000000000000000049f7529a,0x0000000000000000000000000000000000000000000000000000000000000001,call,delegatecall,,46571,19628,0,"2,0",,1,2023-03-01 07:53:11,16732409,0xf4362ae473e7510953102a2aeb021a195cac8ab2ba57bf13d84ee2e9fee72def,call_0x34cbda497d044b19cb3bd33385406ad00fff6189b9e083c9af169a7217534660_2_0
0x0446eba8b7b87c6226fdbd6e158e0dead80f3665170d2005edb18f805d210211,62,0x00000000006c3852cbef3e08e8df289169ede581,0x004c00500000ad104d7dbd00e3ae0a5c00560c00,0,0x0e1d31dc9682b872515a60236988966b846bbb1e14f7a52675b85b0205f1fe02e9df1bc000000000000000000000000061105cf640f92f950a11a788f8b1750beb4497830000000000000000000000007d2dadfdf9e489f833a86e19a19f90470d23818b0000000000000000000000000000000000000000000000000000000000000000,0x0e1d31dc00000000000000000000000000000000000000000000000000000000,call,staticcall,,172236,257,0,0,,1,2023-03-01 02:56:35,16730944,0x099762215c9955094667b6329160ac81a453bcc9210d51dcea16eacd417c0fe2,call_0x0446eba8b7b87c6226fdbd6e158e0dead80f3665170d2005edb18f805d210211_0
0x88d2a4138470a6b0407407e02180857c5bdef64ead2e0e2571d4d241406434da,40,0x3d58e5bf37e39f554b054b0e4c7ea060e81c3e82,0x8b747774fc95b5e9cc910255fca928e00583e418,1171955900000000000,0x,0x,call,delegatecall,,178320,19256,1,0,,1,2023-03-01 19:42:11,16735913,0x98c66be4501f30c1d3c49a7cd64a2737463d4af4985654b5b5e2617807f1c022,call_0x88d2a4138470a6b0407407e02180857c5bdef64ead2e0e2571d4d241406434da_0
0x2764f8735e892dfff19c6e3bc0aad5d2d9157176fb6685baf1213875e5258fd3,139,0x29bc8ab14caa6c1f6ec9c82805ee94ccca9bde90,0x904dd15ae0ba775211a4cb76fd9c4101dbdc2288,0,0x61c6955b00000000000000000000000000000000000000000000000000000000000000200000000000000000000000000000000000000000000000000000000000000001000000000000000000000000000000000000000000000000ffffffffffffffff,0x,call,call,,2775,2771,0,0,,1,2023-03-01 11:41:11,16733537,0x997673f087767666cc01b2e22ce60e4c37d20c308f231eb1d35272018fb8d440,call_0x2764f8735e892dfff19c6e3bc0aad5d2d9157176fb6685baf1213875e5258fd3_0
0x4f691f34222f59e4b0bc764c7d1ffe2c09094303cb6e1951607a29e1092b0907,89,0xef1c6e67703c7bd7107eed8303fbe6ec2554bf6b,0xa58967aa9d385e2a9004209ddb5d30d65fb2572c,0,0x022c0d9f0000000000000000000000000000000000000000000000000000000000000000000000000000000000000000000000000000000000000000041649a42a4830b9000000000000000000000000ef1c6e67703c7bd7107eed8303fbe6ec2554bf6b00000000000000000000000000000000000000000000000000000000000000800000000000000000000000000000000000000000000000000000000000000000,0x,call,call,,106964,60448,3,5,,1,2023-03-01 18:10:59,16735463,0x0d444a79ebc752e44b33da90ba870145f6ffc772fba2d51b16f3f4954e3eb73c,call_0x4f691f34222f59e4b0bc764c7d1ffe2c09094303cb6e1951607a29e1092b0907_5
0x26581c96c435c48edc74ccbf80dc60bff412f9c7342f1612891d7988368711c5,39,0xefe70dab17acdd79614addaa4a221837da3dd764,0xd332254f274cc65aa11178b74734e2992b8f349e,0,0xc658695c000000000000000000000000a0b86991c6218b36c1d19d4a2e9eb0ce3606eb48000000000000000000000000bebf1c31e05a62aa8d07003af177f07891889ad7000000000000000000000000ae2d4617c862309a3d75a0ffb358c7a5009c673f000000000000000000000000000000000000000000000000000000046763d2d600000000000000000000000000000000000000000000000000000000000000a000000000000000000000000000000000000000000000000000000000000000010000000000000000000000000000000000000000000000000000000000000000,0x,call,delegatecall,,437884,35346,1,"0,0,0",,1,2023-03-01 13:41:35,16734133,0x47081b3b7f55f05031d707b677df0cb894ceb845d45d582ec4b3c6b66d545fae,call_0x26581c96c435c48edc74ccbf80dc60bff412f9c7342f1612891d7988368711c5_0_0_0
0xe681289bd9068c976c1af734698d9c10daa3487f09ce9c0420e97c4169e6ecd5,116,0xb9bb259a29b4cc318a1e4c909329a31b66080f4d,0xa0b86991c6218b36c1d19d4a2e9eb0ce3606eb48,0,0xa9059cbb0000000000000000000000004b726e805634a70f61c828b2bcfb459ac60befe500000000000000000000000000000000000000000000000000000000001c736c,0x0000000000000000000000000000000000000000000000000000000000000001,call,call,,399702,11617,1,"6,0,1,4",,1,2023-03-02 00:04:59,16737214,0x586e01f54951768460baa5d52530fb82c53dc80fb171afd9d8c38ce32e60132a,call_0xe681289bd9068c976c1af734698d9c10daa3487f09ce9c0420e97c4169e6ecd5_6_0_1_4
0xbdf63e0bd885fd333ccb212c5bcbf660be9d6d605dfec298d772bf93a3edad11,78,0x638a98bbb92a7582d07c52ff407d49664dc8b3ee,0x6b58baa08a91f0f08900f43692a9796045454a17,0,0xb3596f0700000000000000000000000060e4d786628fea6478f785a6d7e704777c86a7c6,0x000000000000000000000000000000000000000000000000c97a1905745d0800,call,staticcall,,575716,20311,1,"0,1,13",,1,2023-03-01 22:40:23,16736795,0x0aa495b03a498c371b52f50b185886b66b666e3ba94f8085ba6bb6a1d35dc00f,call_0xbdf63e0bd885fd333ccb212c5bcbf660be9d6d605dfec298d772bf93a3edad11_0_1_13
0x9b82dbdded413a946e86cae54c7d41b8d701b93d9f26c53577509ff3eb4e30e6,54,0x4a14347083b80e5216ca31350a2d21702ac3650d,0xa0b86991c6218b36c1d19d4a2e9eb0ce3606eb48,0,0xdd62ed3e0000000000000000000000004a14347083b80e5216ca31350a2d21702ac3650d000000000000000000000000bebc44782c7db0a1a60cb6fe97d0b483032ff1c7,0x0000000000000000000000000000000000000000000000000000000000000000,call,staticcall,,323885,3426,1,"0,0,3",,1,2023-03-01 22:46:59,16736828,0xa0cae996d46b42fd41d20678a96be5b980b2592af5c6ab44569e72f49a3bb878,call_0x9b82dbdded413a946e86cae54c7d41b8d701b93d9f26c53577509ff3eb4e30e6_0_0_3
0x33b07f98ed1d7d6351f54f57b611858f6a35d5520a6b73a3b5ab9e8c8b8b4630,54,0xf615a552c000b114ddaa09636bbf4205de49333c,0x0fe4fc1301afe4afe8c3ac288c3e13cdace71b04,0,0xa035b1fe,0x00000000000000000000000000000000000000000000000000000000000fae89,call,staticcall,,138958,14884,1,"0,0,0,3",,1,2023-03-02 18:25:23,16742633,0x68fe346c565ef331786b69bfb965009eb9e94cad75f503fcc97df490c500f841,call_0x33b07f98ed1d7d6351f54f57b611858f6a35d5520a6b73a3b5ab9e8c8b8b4630_0_0_0_3
0x222ce10e3e1acd4508d1eeb2ee25b81d97d22b4d3aa49389c78493ac8344825c,71,0x9db7378614d8d9d7149c4ee4763f88c38f9b1517,0x8c56c772cbabdf7dcf4e03e5ae0eddc457bed08f,0,0x0902f1ac,0x000000000000000000000000000000000000000000087a9b7e131c5ec1affd2c000000000000000000000000000000000000000000000000000000048876bbbe0000000000000000000000000000000000000000000000000000000063fecf87,call,staticcall,,1146464,2517,0,1,,0,2023-03-01 08:02:59,16732458,0x3b742e7cae083725e9842826eadef7aa812cad4b5cad3ceb0cd076bfdac4e322,call_0x222ce10e3e1acd4508d1eeb2ee25b81d97d22b4d3aa49389c78493ac8344825c_1
0xb222c536ff95c974a273438c0fd668f45e69dc13606364989e213649da423805,70,0xdbfd76af2157dc15ee4e57f3f942bb45ba84af24,0xbc4ca0eda7647a8ab7c2061c2e118a18a936f13d,0,0x42842e0e000000000000000000000000dafce4acc2703a24f29d1321adaadf5768f54642000000000000000000000000dbfd76af2157dc15ee4e57f3f942bb45ba84af2400000000000000000000000000000000000000000000000000000000000007cc,0x,call,call,,1333132,16322,1,"1,0,6,0,2",,1,2023-03-01 05:56:47,16731834,0x032cd855e21f72f618d0faa180b47da27ad377272e54bb6f27568574f295df55,call_0xb222c536ff95c974a273438c0fd668f45e69dc13606364989e213649da423805_1_0_6_0_2
0xa75200c8bd31dea50e20b70726e55babb0f7e669d083d7d907bb1178ff7e2b94,50,0xa9d1e08c7793af67e9d92fe308d5697fb81d3e43,0x00f0294794d47389d8bf981ae41bb9d2cc8820ed,48517050000000000,0x,0x,call,call,,90000,0,0,12,,1,2023-03-02 23:20:11,16744091,0xfce4667e326215dd9d1075dbccbc5b13c11c1e146ba4a5cefd5b2547712bc7fe,call_0xa75200c8bd31dea50e20b70726e55babb0f7e669d083d7d907bb1178ff7e2b94_12
0x9f9dc7dccd028c0cd6a605ec46f56ff18966915be9a7672ed901b4f36a3a2c4e,96,0x7a250d5630b4cf539739df2c5dacb4c659f2488d,0xc02aaa39b223fe8d0a0e5c4f27ead9083c756cc2,0,0xa9059cbb0000000000000000000000004a08cf0a7bca217c24b9ee99c0395052f3707d68000000000000000000000000000000000000000000000000045bfa6bccad1f95,0x0000000000000000000000000000000000000000000000000000000000000001,call,call,,568187,8062,0,"0,1",,1,2023-03-01 05:06:59,16731587,0xe73a981927ade20f83a07ed9e3861edfeb73499a0289e55a6bfdda0f0188bc67,call_0x9f9dc7dccd028c0cd6a605ec46f56ff18966915be9a7672ed901b4f36a3a2c4e_0_1
0x650bb1e7a7dd335a0cf034df316e098b36b3dbef90df5263b281de8526408d79,386,0xb8ffc3cd6e7cf5a098a1c92f48009765b24088dc,0x2b33cf282f867a7ff693a66e11b0fcc5552e4425,0,0xbe00bbd8f1f3eb40f5bc1ad1344716ced8b8a0431d840b5783aea1fd01786bc26f35ac0f3ca7c3e38968823ccb4c78ea688df41356f182ae1d159e4ee608d30d68cef320,0x00000000000000000000000047ebab13b806773ec2a2d16873e2df770d130b50,call,delegatecall,,723949,2820,0,"5,8,0,0,0,0",,1,2023-03-01 09:30:23,16732893,0x762d18ea1db21b8f6d94429451116a6e190ec659f04c0a1395e45637eb792d05,call_0x650bb1e7a7dd335a0cf034df316e098b36b3dbef90df5263b281de8526408d79_5_8_0_0_0_0
0x998fc150ed2f77a86a321b3ba8818cb073566d01f59e2d896c381aebc29aea9a,167,0xde94a4832f5ec091ed8e630c5d64735394571358,0xce12a5b829efab77b4663babfd684081e5181767,0,0x969f55e500000000000000000000000006450dee7fd2fb8e39061434babcfc05599a6fb80000000000000000000000003ce90fcbe6dc8457ba686d642d45e34fb1fcdfc5000000000000000000000000000000000000000000000000000000000000080d000000000000000000000000000000000000000000000000000000000000008000000000000000000000000000000000000000000000000000000000000000373d602d80600a3d3981f3363d3d373d3d3d363d73ce12a5b829efab77b4663babfd684081e51817675af43d82803e903d91602b57fd5bf3000000000000000000,0x,call,delegatecall,,3991247,56142,1,"0,60,0",,1,2023-03-02 08:13:23,16739620,0x061db526e84a1229ebc8407aeace951736b83a211684c6fba32c76ce22828290,call_0x998fc150ed2f77a86a321b3ba8818cb073566d01f59e2d896c381aebc29aea9a_0_60_0
0xb2920308a45adf601148314a19f377263ce2e402dba9a422601c9a8b442790e6,172,0x1efb240c86e4958c1f3fdf0a9d7b00f303d74bc5,0x29142b6e61bfbee6fdd2540da98fbf997849883f,0,0xa9059cbb000000000000000000000000fb1e65f71f98140f27d89f82cad5e6bc44c82c460000000000000000000000000000000000000000000000003ebd75226bb6133a,0x0000000000000000000000000000000000000000000000000000000000000001,call,call,,142204,71526,0,"6,0",,1,2023-03-01 07:56:23,16732425,0xe45b1baffa405dcff9e3da5d3c26e46e2a16b7f9c170c5529e88dabe79dfcccf,call_0xb2920308a45adf601148314a19f377263ce2e402dba9a422601c9a8b442790e6_6_0
0x1981e73119e891804f78905640118a1aa7596071ba2466997e103f489c1f4d1c,5,0xe55d97a97ae6a17706ee281486e98a84095d8aaf,0x9f185d15d1c14982ffb5e21e1073faa1373987d1,0,0x70a08231000000000000000000000000c1f4ecd6398ffc97d81cb3015aa6ef7b19773a08,0x000000000000000000000000000000000000000000004bb5ab92d41c3a9dcb39,call,delegatecall,,240730,488,0,"5,0,0,0,0,4,2,0",,0,2023-03-01 12:58:35,16733919,0x5907bfb797e69ef178d03208752d2652ca487695c95505f547e5b7bfc08a7adc,call_0x1981e73119e891804f78905640118a1aa7596071ba2466997e103f489c1f4d1c_5_0_0_0_0_4_2_0
0x31733f0f41dc6c9e8e0ed6c7117bd8a8d72a6ca2b65985d3532bd2f07f559519,184,0xfc4913214444af5c715cc9f7b52655e788a569ed,0x3819f64f282bf135d62168c1e513280daf905e06,0,0x5c9302c9,0x0000000000000000000000000000000000000000000000000000000000000171,call,staticcall,,95130,465,0,0,,1,2023-03-02 11:49:35,16740690,0xee36b7cdbeac0bb84951a257c17c288bbcc68606d61c0f625dedafbefb6474d2,call_0x31733f0f41dc6c9e8e0ed6c7117bd8a8d72a6ca2b65985d3532bd2f07f559519_0
0x504b303f3697bf8133e3d14679b3901ca173a51c79a02ab2b6465337d7c39c94,26,0x624f2282d627d6260a4708faa45ab8d786b1b7f9,0xdac17f958d2ee523a2206206994597c13d831ec7,0,0x23b872dd000000000000000000000000841d2a29c379651314ff56d6f9c02c23449430ef000000000000000000000000ffa7be217863512801a9ec922b792bb10bfd16dc0000000000000000000000000000000000000000000000000000000000000000,0x,call,call,,18142017,21258,0,1,,1,2023-03-01 09:49:59,16732990,0xffcb54e1d1efc39c9e5c9a75032da096e6b4b8626752dba40fcc8bc9e8f5f0cb,call_0x504b303f3697bf8133e3d14679b3901ca173a51c79a02ab2b6465337d7c39c94_1
0x3a1bf478f01aa994e3e066f3062f177cb67c451f1fcc18d75ecfdb20ed3b5942,70,0x3472a5a71965499acd81997a54bba8d852c6e53d,0xddb2dfad74f64f14bb1a1cbab9c03bc0eed74493,0,0x4a3931490000000000000000000000007122db0ebe4eb9b434a9f2ffe6760bc03bfbd0e0000000000000000000000000ba12222222228d8ba445958a75a0704d566bf2c800000000000000000000000000000000000000000000003bee087fc1ca170000,0x0000000000000000000000000000000000000000000000000000000000000001,call,call,,558843,1238,1,"1,0,0,1,1,0",,1,2023-03-02 13:10:11,16741085,0x7f71b5c8bcfb48541957c4a55a89aa2c374f82735578352f04477d57288df890,call_0x3a1bf478f01aa994e3e066f3062f177cb67c451f1fcc18d75ecfdb20ed3b5942_1_0_0_1_1_0
0x016e2159ea8f855ceaff2e9f3bc41278ffd4ccea76964adf653590e5a07fe34a,21,0x98c3d3183c4b8a650614ad179a1a98be0a8d6b8e,0xdafea492d9c6733ae3d56b7ed1adb60692c98bc5,353587114162656,0x,0x,call,call,,2300,0,0,3,,1,2023-03-02 19:16:47,16742886,0xbdea6c05cef91496a2de69c96ce39831dfa88dd7458f8d9382bc88ba84b26a70,call_0x016e2159ea8f855ceaff2e9f3bc41278ffd4ccea76964adf653590e5a07fe34a_3
0x14175fbcdfe325a9a8fd1de62b5ed6dba1570f5fddd39e5a78ba41416ebef559,210,0x5164f1c6a60dbb33842b7c8e4076103f921dc37e,0xf403c135812408bfbe8713b5a23a04b3d48aae31,0,0x60759fce00000000000000000000000000000000000000000000000000000000000000980000000000000000000000000000000000000000000000000000000000000001,0x0000000000000000000000000000000000000000000000000000000000000001,call,call,,1384649,915397,9,,,1,2023-03-01 19:05:35,16735733,0x627aac568f4e8422efaf40bce61452798ffdd3c2f2c8abf0bb11b33bfad3763a,call_0x14175fbcdfe325a9a8fd1de62b5ed6dba1570f5fddd39e5a78ba41416ebef559_
0x34cb71a026db7828e1baf1d9ecdb87bb3087f8a29c5cc325b232367392f9a8ce,119,0x87b8de492d28961b5338a3a01fe5b8ef19c3e073,0x3eca74b38a6bb6e91cd5314476b3874e0c55c281,4000000000000000000,0x,0x,call,call,,0,0,0,,,1,2023-03-02 03:20:47,16738178,0xe661d7da954d4fb78d5d68b9340bec720555efeed826464feab153603d12dec4,call_0x34cb71a026db7828e1baf1d9ecdb87bb3087f8a29c5cc325b232367392f9a8ce_
0x14d263b5f3e750c3377ae421446b70ffefd1a6cf720ec92fe28133e2520a2825,38,0xae2d4617c862309a3d75a0ffb358c7a5009c673f,0xa0b86991c6218b36c1d19d4a2e9eb0ce3606eb48,0,0xa9059cbb000000000000000000000000269db3beafc0db5eafcb3ad648317b2fdeee61df000000000000000000000000000000000000000000000000000000003b649ed0,0x0000000000000000000000000000000000000000000000000000000000000001,call,call,,478392,44017,1,,,1,2023-03-01 17:19:23,16735209,0x9f8a980f8a8582a9645c43a46ae7d379a71a1b4b1badb43f23da6111d29aeb7b,call_0x14d263b5f3e750c3377ae421446b70ffefd1a6cf720ec92fe28133e2520a2825_
0x77333a751085e8076aa5d631d19ccbe628bc63a78be7d071b4ce75e3c3dc3f91,87,0x88e6a0c2ddd26feeb64f039a2c41296fcb3f5640,0xc02aaa39b223fe8d0a0e5c4f27ead9083c756cc2,0,0x70a0823100000000000000000000000088e6a0c2ddd26feeb64f039a2c41296fcb3f5640,0x00000000000000000000000000000000000000000000097c34643958471cdc0d,call,staticcall,,39493,534,0,"2,3",,1,2023-03-02 09:04:47,16739875,0xd52df91b3b82f86ea8bbf5d75b887def363450930f9086391665ed6eb02bee32,call_0x77333a751085e8076aa5d631d19ccbe628bc63a78be7d071b4ce75e3c3dc3f91_2_3
0xf9e663d0b75bd49059e3cefea99b650e420cb1b175db4d4b27eebfd9b4066336,69,0x16cad2c5705a53bc23e456fe4f16b89012ff6c01,0xee0a845d0f4510e69add4d1f00cef926da4f9fa6,32316910000000000,0x,0x,call,delegatecall,,76925,9560,1,"0,0,1",,1,2023-03-02 02:20:11,16737878,0x668f727143049b1cc59e21d7132d3ef0b9bf888167e7a6f03996da87645b872a,call_0xf9e663d0b75bd49059e3cefea99b650e420cb1b175db4d4b27eebfd9b4066336_0_0_1
0x77621118a144aebc08b8041bb976f36cb8fb2861ba33fd7f7fa34e0a8b776c53,0,0x84d11b65e026f7aa08f5497dd3593fb083410b71,0x1d8f8f00cfa6758d7be78336684788fb0ee0fa46,0,0x21f8a7218fc06385de84508eaf7eb3d75b93167987c9629589fe0a868a2b4e0e90862dd8,0x000000000000000000000000ef6f9ca7617ccd188350f9fcc6010c471edf6a5c,call,staticcall,,3078982,2473,0,"14,2",,1,2023-03-02 16:39:47,16742116,0x369a68ad7109cb65be41691c0a470aff45336c12cc6a05aef416addc29b2c6a7,call_0x77621118a144aebc08b8041bb976f36cb8fb2861ba33fd7f7fa34e0a8b776c53_14_2
