address,bytecode,function_sighashes,is_erc20,is_erc721,block_hash,block_number,block_timestamp
0x274d186fcdf3f0f450331762ff7f5a80848a561d,0x363d3d373d3d3d363d73849c1a382fc9e788189aff75fabfe191b13f6b3e5af43d82803e903d91602b57fd5bf3,{},false,false,0xc0a1c64cd3ea7952c0af91fb526ae43b6c75ca762513102dcf8385b1370b9a83,16731648,2023-03-01 05:19:11
0x059b82c25f4c821428350e446e619558e826182d,0x363d3d373d3d3d363d739f4a42e6f558fba3e0ca9df9ad0800dd3ca27e265af43d82803e903d91602b57fd5bf3,{},false,false,0xc0a1c64cd3ea7952c0af91fb526ae43b6c75ca762513102dcf8385b1370b9a83,16731648,2023-03-01 05:19:11
0x25e338b0e7a0f711613ce762fb33fbf8d2af05f4,0x363d3d373d3d3d363d73a6f6b1d91694e9a67459112b6508609b143f34c75af43d82803e903d91602b57fd5bf3,{},false,false,0xc0a1c64cd3ea7952c0af91fb526ae43b6c75ca762513102dcf8385b1370b9a83,16731648,2023-03-01 05:19:11
0x730d87f38327f545df2fb8e4abe9bd5123e40b46,0x363d3d373d3d3d363d7348ad3f8c02e5001a0237111c7be0f1726888972f5af43d82803e903d91602b57fd5bf3,{},false,false,0xc0a1c64cd3ea7952c0af91fb526ae43b6c75ca762513102dcf8385b1370b9a83,16731648,2023-03-01 05:19:11
0x63424d13d6c647b60e14093fcad2b6b07895b16f,0x363d3d373d3d3d363d73c66fcd56387cec1c709580278b310dac604bad835af43d82803e903d91602b57fd5bf3,{},false,false,0xc0a1c64cd3ea7952c0af91fb526ae43b6c75ca762513102dcf8385b1370b9a83,16731648,2023-03-01 05:19:11
0x8055a466da951fc1d4f60774bb24229e57aaf7dc,0x363d3d373d3d3d363d737a887b7076810947d957d045559a26f180595f895af43d82803e903d91602b57fd5bf3,{},false,false,0xc0a1c64cd3ea7952c0af91fb526ae43b6c75ca762513102dcf8385b1370b9a83,16731648,2023-03-01 05:19:11
0x61b6a94997599785238645a8da601a1e56262025,0x363d3d373d3d3d363d73e40144218e480134d871ec2b9d46b4e256c4eff75af43d82803e903d91602b57fd5bf3,{},false,false,0xc0a1c64cd3ea7952c0af91fb526ae43b6c75ca762513102dcf8385b1370b9a83,16731648,2023-03-01 05:19:11
0x31f6b9620e8e8f3ed51c2d50424e1084f651f98e,0x363d3d373d3d3d363d73a50077abfa569034f02a364fbad6a1e9297f503e5af43d82803e903d91602b57fd5bf3,{},false,false,0xc0a1c64cd3ea7952c0af91fb526ae43b6c75ca762513102dcf8385b1370b9a83,16731648,2023-03-01 05:19:11
0xbcd7238a859ee2277b869a37e7769b53ed50a0b2,0x363d3d373d3d3d363d731052055653daac9c96d68e432778ddc936562ccc5af43d82803e903d91602b57fd5bf3,{},false,false,0xc0a1c64cd3ea7952c0af91fb526ae43b6c75ca762513102dcf8385b1370b9a83,16731648,2023-03-01 05:19:11
0x358e6378203857758a52d5b41456e855c6c6a97a,0x363d3d373d3d3d363d73d391446f6df39c371ad2c1a408cbe9f60a4e68315af43d82803e903d91602b57fd5bf3,{},false,false,0xc0a1c64cd3ea7952c0af91fb526ae43b6c75ca762513102dcf8385b1370b9a83,16731648,2023-03-01 05:19:11
0xe1aad39652ad70a9c9736345f00a5023e1d621a6,0x363d3d373d3d3d363d73de64fa99faf086d2fa1db4951431cd86a8eead235af43d82803e903d91602b57fd5bf3,{},false,false,0xc0a1c64cd3ea7952c0af91fb526ae43b6c75ca762513102dcf8385b1370b9a83,16731648,2023-03-01 05:19:11
0x86553fd7e2a5054373d64ff57c69d7b12e74e8f9,0x363d3d373d3d3d363d7323b1554d6c63291b4c06351d6f2ab2c75af029b55af43d82803e903d91602b57fd5bf3,{},false,false,0xc0a1c64cd3ea7952c0af91fb526ae43b6c75ca762513102dcf8385b1370b9a83,16731648,2023-03-01 05:19:11
0xfc85e5bea3e896dc5b10c1e01937f9148912ef98,0x363d3d373d3d3d363d733e1e162c7de04cbc1087d45ba717543e49b727405af43d82803e903d91602b57fd5bf3,{},false,false,0xc0a1c64cd3ea7952c0af91fb526ae43b6c75ca762513102dcf8385b1370b9a83,16731648,2023-03-01 05:19:11
0x9d32d970dbe483558fc9e83b4cd206b7078bb11e,0x363d3d373d3d3d363d73849c1a382fc9e788189aff75fabfe191b13f6b3e5af43d82803e903d91602b57fd5bf3,{},false,false,0xc0a1c64cd3ea7952c0af91fb526ae43b6c75ca762513102dcf8385b1370b9a83,16731648,2023-03-01 05:19:11
0x1ce8acf5cabe3bfbf516ddba9abb77d7ccd906b8,0x363d3d373d3d3d363d73e65fa877a2ed5a4396eaf2b646d90f512cb588475af43d82803e903d91602b57fd5bf3,{},false,false,0xc0a1c64cd3ea7952c0af91fb526ae43b6c75ca762513102dcf8385b1370b9a83,16731648,2023-03-01 05:19:11
0x79f7ca190e62108d5c09e937423f9942e0ba1940,0x363d3d373d3d3d363d735c0e7822aaaaeb4d4d798a48035b9e92b17fc5775af43d82803e903d91602b57fd5bf3,{},false,false,0xc0a1c64cd3ea7952c0af91fb526ae43b6c75ca762513102dcf8385b1370b9a83,16731648,2023-03-01 05:19:11
0x310430598628f0cf3e588ba26e948c75c2896579,0x363d3d373d3d3d363d73f69972b229b934d41918f97777c9fa98c636b4065af43d82803e903d91602b57fd5bf3,{},false,false,0xc0a1c64cd3ea7952c0af91fb526ae43b6c75ca762513102dcf8385b1370b9a83,16731648,2023-03-01 05:19:11
0xad110489519fe02ac514486523eabd01a9fd3b26,0x363d3d373d3d3d363d73bcbfa6f7134aa59cb54610c1854ec67869b096ee5af43d82803e903d91602b57fd5bf3,{},false,false,0xc0a1c64cd3ea7952c0af91fb526ae43b6c75ca762513102dcf8385b1370b9a83,16731648,2023-03-01 05:19:11
0x5151515d5e8905d8eac7243528abb361c748ef3d,0x363d3d373d3d3d363d732ad42951468d5ffff1c859fe61fc66e138a052445af43d82803e903d91602b57fd5bf3,{},false,false,0xc0a1c64cd3ea7952c0af91fb526ae43b6c75ca762513102dcf8385b1370b9a83,16731648,2023-03-01 05:19:11
0x2bf837bf2bdce418fa4d9ca13db89d33c59da61d,0x363d3d373d3d3d363d736da9faf78390ed058039fe84ca35a2ff1ff03db95af43d82803e903d91602b57fd5bf3,{},false,false,0xc0a1c64cd3ea7952c0af91fb526ae43b6c75ca762513102dcf8385b1370b9a83,16731648,2023-03-01 05:19:11
0x5c74640d7b1db0a267a460cbed85032f6491c061,0x363d3d373d3d3d363d73facc24b2d2a1d27dcda98e587de5819594f8571c5af43d82803e903d91602b57fd5bf3,{},false,false,0xc0a1c64cd3ea7952c0af91fb526ae43b6c75ca762513102dcf8385b1370b9a83,16731648,2023-03-01 05:19:11
0xeec958104ef6c0211e76683ed79b0a9a88987e77,0x363d3d373d3d3d363d73ea6bb03ec1b3ec574f17980b540d932ec5d925955af43d82803e903d91602b57fd5bf3,{},false,false,0xc0a1c64cd3ea7952c0af91fb526ae43b6c75ca762513102dcf8385b1370b9a83,16731648,2023-03-01 05:19:11
0x9b719b0595ca1d189b69d2ab1103a05f1e2650d5,0x363d3d373d3d3d363d734cf48d11d8a235725a0a24937df804a00136caf55af43d82803e903d91602b57fd5bf3,{},false,false,0xc0a1c64cd3ea7952c0af91fb526ae43b6c75ca762513102dcf8385b1370b9a83,16731648,2023-03-01 05:19:11
0xa800341e2110a896ad35390cba6a92cc8e546ece,0x363d3d373d3d3d363d737a887b7076810947d957d045559a26f180595f895af43d82803e903d91602b57fd5bf3,{},false,false,0xc0a1c64cd3ea7952c0af91fb526ae43b6c75ca762513102dcf8385b1370b9a83,16731648,2023-03-01 05:19:11
0x5680bdb6864a6975f27f2f7e6691f13d5165d6ca,0x363d3d373d3d3d363d7356d618fab0b3ef81181a7dbbe26880f6a1c0fea55af43d82803e903d91602b57fd5bf3,{},false,false,0xc0a1c64cd3ea7952c0af91fb526ae43b6c75ca762513102dcf8385b1370b9a83,16731648,2023-03-01 05:19:11
0x75e24c4faa75a3dde91c8a03a9f3d67a1d3b15d7,0x363d3d373d3d3d363d73fd6414d4bcf765c7c90f09e30f30b1f4b5384fc15af43d82803e903d91602b57fd5bf3,{},false,false,0xc0a1c64cd3ea7952c0af91fb526ae43b6c75ca762513102dcf8385b1370b9a83,16731648,2023-03-01 05:19:11
0x77de9e5018a2e5a15704a4d363d0a386701d6e55,0x363d3d373d3d3d363d73d391446f6df39c371ad2c1a408cbe9f60a4e68315af43d82803e903d91602b57fd5bf3,{},false,false,0xc0a1c64cd3ea7952c0af91fb526ae43b6c75ca762513102dcf8385b1370b9a83,16731648,2023-03-01 05:19:11
0xbf986a353e5d2dcf57dd78648e1f75645a69785a,0x363d3d373d3d3d363d738d7cc47d9d5461da79ebc04d3eef37614478f5ef5af43d82803e903d91602b57fd5bf3,{},false,false,0xc0a1c64cd3ea7952c0af91fb526ae43b6c75ca762513102dcf8385b1370b9a83,16731648,2023-03-01 05:19:11
0x03517d01bf27bf62cce21905c972132372bee9ba,0x363d3d373d3d3d363d7382bc697c7e85165564f06b1fe90079b0d4e4eae95af43d82803e903d91602b57fd5bf3,{},false,false,0xc0a1c64cd3ea7952c0af91fb526ae43b6c75ca762513102dcf8385b1370b9a83,16731648,2023-03-01 05:19:11
0x2b1ac0d59224df28ebfdf63939d8bc2dba5ddee5,0x363d3d373d3d3d363d734c4d72265cba16a40264e15fb0434f43b804ab165af43d82803e903d91602b57fd5bf3,{},false,false,0xc0a1c64cd3ea7952c0af91fb526ae43b6c75ca762513102dcf8385b1370b9a83,16731648,2023-03-01 05:19:11
0x7a7d6656ca114e27695de0980f5f1c21de28765b,0x363d3d373d3d3d363d737ee5cce99fe335bddf9da979a6674592dfc3f8f35af43d82803e903d91602b57fd5bf3,{},false,false,0xc0a1c64cd3ea7952c0af91fb526ae43b6c75ca762513102dcf8385b1370b9a83,16731648,2023-03-01 05:19:11
0xbdc311493f2cc48597362c699b8eb651629e4195,0x363d3d373d3d3d363d7373456d66b757f4513555e0872264872a894c39865af43d82803e903d91602b57fd5bf3,{},false,false,0xc0a1c64cd3ea7952c0af91fb526ae43b6c75ca762513102dcf8385b1370b9a83,16731648,2023-03-01 05:19:11
0x15d6b1e9067c15d0bc20b3730066737903839a0f,0x363d3d373d3d3d363d7301e00999dc1c7217f95c62a89e4582f724b335855af43d82803e903d91602b57fd5bf3,{},false,false,0xc0a1c64cd3ea7952c0af91fb526ae43b6c75ca762513102dcf8385b1370b9a83,16731648,2023-03-01 05:19:11
0x9d71fc3868b95f015e43982c1d0ec9df1f6b7aba,0x363d3d373d3d3d363d739866373f4da648759702b996d4931ad42bb875f85af43d82803e903d91602b57fd5bf3,{},false,false,0xc0a1c64cd3ea7952c0af91fb526ae43b6c75ca762513102dcf8385b1370b9a83,16731648,2023-03-01 05:19:11
0xac2570500573e821d8fef27645eb8684e1713248,0x363d3d373d3d3d363d7347effc6c8ef6a4373281272ff5ada2459f3ee17b5af43d82803e903d91602b57fd5bf3,{},false,false,0xc0a1c64cd3ea7952c0af91fb526ae43b6c75ca762513102dcf8385b1370b9a83,16731648,2023-03-01 05:19:11
0x68e4def772e643b730c01466a529c14e2344f740,0x363d3d373d3d3d363d737a887b7076810947d957d045559a26f180595f895af43d82803e903d91602b57fd5bf3,{},false,false,0xc0a1c64cd3ea7952c0af91fb526ae43b6c75ca762513102dcf8385b1370b9a83,16731648,2023-03-01 05:19:11
0x82f00bb04fa24469a937dc52e7c4150cc4482af7,0x363d3d373d3d3d363d73c08f06b7d0a3405b12f84cd74b028f7ad0efcc645af43d82803e903d91602b57fd5bf3,{},false,false,0xc0a1c64cd3ea7952c0af91fb526ae43b6c75ca762513102dcf8385b1370b9a83,16731648,2023-03-01 05:19:11
0xdaad442f5bc287258316fe99770e8207890263b5,0x363d3d373d3d3d363d735fee450f98688620820988eb762aa4bce4b9f99e5af43d82803e903d91602b57fd5bf3,{},false,false,0xc0a1c64cd3ea7952c0af91fb526ae43b6c75ca762513102dcf8385b1370b9a83,16731648,2023-03-01 05:19:11
0x70a81abd0321649d2f6c38fa833858034b4e4705,0x363d3d373d3d3d363d735b7efd8fb1b79bf14dc796bc8935fc4cb9f971885af43d82803e903d91602b57fd5bf3,{},false,false,0xc0a1c64cd3ea7952c0af91fb526ae43b6c75ca762513102dcf8385b1370b9a83,16731648,2023-03-01 05:19:11
0x73efe9561f3cb5e56a01a974096dc5e17fb40019,0x363d3d373d3d3d363d739e549b6b7cabec781ded4a2419cfca613acec12f5af43d82803e903d91602b57fd5bf3,{},false,false,0xc0a1c64cd3ea7952c0af91fb526ae43b6c75ca762513102dcf8385b1370b9a83,16731648,2023-03-01 05:19:11
0x7ef91c34d0757059d17d6d6349fe5a8ba80f5874,0x363d3d373d3d3d363d73ad91eb6ad853eab6e42ecf21962ce92faeb745955af43d82803e903d91602b57fd5bf3,{},false,false,0xc0a1c64cd3ea7952c0af91fb526ae43b6c75ca762513102dcf8385b1370b9a83,16731648,2023-03-01 05:19:11
0x1004bdc8435b910a583f650416bc087f81bd42bf,0x363d3d373d3d3d363d739108d7619b3ec326257870394f11905ced5418e35af43d82803e903d91602b57fd5bf3,{},false,false,0xc0a1c64cd3ea7952c0af91fb526ae43b6c75ca762513102dcf8385b1370b9a83,16731648,2023-03-01 05:19:11
0x87516fb4238a4994ded864c57084a2c26b2d4eea,0x363d3d373d3d3d363d734e8a56bf3a266bc161a666cba2954b3793816b2b5af43d82803e903d91602b57fd5bf3,{},false,false,0xc0a1c64cd3ea7952c0af91fb526ae43b6c75ca762513102dcf8385b1370b9a83,16731648,2023-03-01 05:19:11
0xddeb28d60897cf63c6310e8849c53e8817376e2d,0x363d3d373d3d3d363d73bf72579d33c363ff54c3614968ed4c1287a87e695af43d82803e903d91602b57fd5bf3,{},false,false,0xc0a1c64cd3ea7952c0af91fb526ae43b6c75ca762513102dcf8385b1370b9a83,16731648,2023-03-01 05:19:11
0xf49c460bc82e4e0e8e9f79e3ec7456d8fac25272,0x363d3d373d3d3d363d735c0e7822aaaaeb4d4d798a48035b9e92b17fc5775af43d82803e903d91602b57fd5bf3,{},false,false,0xc0a1c64cd3ea7952c0af91fb526ae43b6c75ca762513102dcf8385b1370b9a83,16731648,2023-03-01 05:19:11
0x2c654c9e8c8132cf5cde5c2d0338eca85efcb131,0x363d3d373d3d3d363d73edc36e2b7f488d2e29e10086ea9776c2934e63cd5af43d82803e903d91602b57fd5bf3,{},false,false,0xc0a1c64cd3ea7952c0af91fb526ae43b6c75ca762513102dcf8385b1370b9a83,16731648,2023-03-01 05:19:11
0x333563364754c07795b6302d12b51d52f289a2c4,0x363d3d373d3d3d363d7356d618fab0b3ef81181a7dbbe26880f6a1c0fea55af43d82803e903d91602b57fd5bf3,{},false,false,0xc0a1c64cd3ea7952c0af91fb526ae43b6c75ca762513102dcf8385b1370b9a83,16731648,2023-03-01 05:19:11
0x93eadc90a4e800cae00e10d40e4cb7e8a3106819,0x,{},false,false,0x1ef2e011ab961baf1106ee14f03b1c4dbc497b6031fa844fe7ec668ddee237bc,16732160,2023-03-01 07:02:47
0xae3788ce910cb7dbbd95ce0a490fb54d29240cf0,0x363d3d373d3d3d363d73a9376f59aff8a8a7673688a588724e1b051361985af43d82803e903d91602b57fd5bf3,{},false,false,0x91f1a6f4cfb1ab3272ef1f7cc48defe9c39a119c8d8a93a79488cb32b1a9c7d9,16733696,2023-03-01 12:13:11
0x0ddc08e48d92733fe7a14e7ca76f2ca9ba8178e3,0x363d3d373d3d3d363d7374b2a6ecc225dc85af74b5ea12c8f26fba86c5715af43d82803e903d91602b57fd5bf3,{},false,false,0x91f1a6f4cfb1ab3272ef1f7cc48defe9c39a119c8d8a93a79488cb32b1a9c7d9,16733696,2023-03-01 12:13:11
0x6f3890a59759d550ff8566a84661937839e395c8,0x608060405234801561001057600080fd5b50600436106101b95760003560e01c80636a627842116100f9578063ba9a7a5611610097578063d21220a711610071578063d21220a7146105da578063d505accf146105e2578063dd62ed3e14610640578063fff6cae91461067b576101b9565b8063ba9a7a5614610597578063bc25cf771461059f578063c45a0155146105d2576101b9565b80637ecebe00116100d35780637ecebe00146104d757806389afcb441461050a57806395d89b4114610556578063a9059cbb1461055e576101b9565b80636a6278421461046957806370a082311461049c5780637464fc3d146104cf576101b9565b806323b872dd116101665780633644e515116101405780633644e51514610416578063485cc9551461041e5780635909c0d5146104595780635a3d549314610461576101b9565b806323b872dd146103ad57806330adf81f146103f0578063313ce567146103f8576101b9565b8063095ea7b311610197578063095ea7b3146103155780630dfe16811461036257806318160ddd14610393576101b9565b8063022c0d9f146101be57806306fdde03146102595780630902f1ac146102d6575b600080fd5b610257600480360360808110156101d457600080fd5b81359160208101359173ffffffffffffffffffffffffffffffffffffffff604083013516919081019060808101606082013564010000000081111561021857600080fd5b82018360208201111561022a57600080fd5b8035906020019184600183028401116401000000008311171561024c57600080fd5b509092509050610683565b005b610261610d57565b6040805160208082528351818301528351919283929083019185019080838360005b8381101561029b578181015183820152602001610283565b50505050905090810190601f1680156102c85780820380516001836020036101000a031916815260200191505b509250505060405180910390f35b6102de610d90565b604080516dffffffffffffffffffffffffffff948516815292909316602083015263ffffffff168183015290519081900360600190f35b61034e6004803603604081101561032b57600080fd5b5073ffffffffffffffffffffffffffffffffffffffff8135169060200135610de5565b604080519115158252519081900360200190f35b61036a610dfc565b6040805173ffffffffffffffffffffffffffffffffffffffff9092168252519081900360200190f35b61039b610e18565b60408051918252519081900360200190f35b61034e600480360360608110156103c357600080fd5b5073ffffffffffffffffffffffffffffffffffffffff813581169160208101359091169060400135610e1e565b61039b610efd565b610400610f21565b6040805160ff9092168252519081900360200190f35b61039b610f26565b6102576004803603604081101561043457600080fd5b5073ffffffffffffffffffffffffffffffffffffffff81358116916020013516610f2c565b61039b611005565b61039b61100b565b61039b6004803603602081101561047f57600080fd5b503573ffffffffffffffffffffffffffffffffffffffff16611011565b61039b600480360360208110156104b257600080fd5b503573ffffffffffffffffffffffffffffffffffffffff166113cb565b61039b6113dd565b61039b600480360360208110156104ed57600080fd5b503573ffffffffffffffffffffffffffffffffffffffff166113e3565b61053d6004803603602081101561052057600080fd5b503573ffffffffffffffffffffffffffffffffffffffff166113f5565b6040805192835260208301919091528051918290030190f35b610261611892565b61034e6004803603604081101561057457600080fd5b5073ffffffffffffffffffffffffffffffffffffffff81351690602001356118cb565b61039b6118d8565b610257600480360360208110156105b557600080fd5b503573ffffffffffffffffffffffffffffffffffffffff166118de565b61036a611ad4565b61036a611af0565b610257600480360360e08110156105f857600080fd5b5073ffffffffffffffffffffffffffffffffffffffff813581169160208101359091169060408101359060608101359060ff6080820135169060a08101359060c00135611b0c565b61039b6004803603604081101561065657600080fd5b5073ffffffffffffffffffffffffffffffffffffffff81358116916020013516611dd8565b610257611df5565b600c546001146106f457604080517f08c379a000000000000000000000000000000000000000000000000000000000815260206004820152601160248201527f556e697377617056323a204c4f434b4544000000000000000000000000000000604482015290519081900360640190fd5b6000600c55841515806107075750600084115b61075c576040517f08c379a0000000000000000000000000000000000000000000000000000000008152600401808060200182810382526025815260200180612b2f6025913960400191505060405180910390fd5b600080610767610d90565b5091509150816dffffffffffffffffffffffffffff168710801561079a5750806dffffffffffffffffffffffffffff1686105b6107ef576040517f08c379a0000000000000000000000000000000000000000000000000000000008152600401808060200182810382526021815260200180612b786021913960400191505060405180910390fd5b600654600754600091829173ffffffffffffffffffffffffffffffffffffffff91821691908116908916821480159061085457508073ffffffffffffffffffffffffffffffffffffffff168973ffffffffffffffffffffffffffffffffffffffff1614155b6108bf57604080517f08c379a000000000000000000000000000000000000000000000000000000000815260206004820152601560248201527f556e697377617056323a20494e56414c49445f544f0000000000000000000000604482015290519081900360640190fd5b8a156108d0576108d0828a8d611fdb565b89156108e1576108e1818a8c611fdb565b86156109c3578873ffffffffffffffffffffffffffffffffffffffff166310d1e85c338d8d8c8c6040518663ffffffff1660e01b8152600401808673ffffffffffffffffffffffffffffffffffffffff1673ffffffffffffffffffffffffffffffffffffffff168152602001858152602001848152602001806020018281038252848482818152602001925080828437600081840152601f19601f8201169050808301925050509650505050505050600060405180830381600087803b1580156109aa57600080fd5b505af11580156109be573d6000803e3d6000fd5b505050505b604080517f70a08231000000000000000000000000000000000000000000000000000000008152306004820152905173ffffffffffffffffffffffffffffffffffffffff8416916370a08231916024808301926020929190829003018186803b158015610a2f57600080fd5b505afa158015610a43573d6000803e3d6000fd5b505050506040513d6020811015610a5957600080fd5b5051604080517f70a08231000000000000000000000000000000000000000000000000000000008152306004820152905191955073ffffffffffffffffffffffffffffffffffffffff8316916370a0823191602480820192602092909190829003018186803b158015610acb57600080fd5b505afa158015610adf573d6000803e3d6000fd5b505050506040513d6020811015610af557600080fd5b5051925060009150506dffffffffffffffffffffffffffff85168a90038311610b1f576000610b35565b89856dffffffffffffffffffffffffffff160383035b9050600089856dffffffffffffffffffffffffffff16038311610b59576000610b6f565b89856dffffffffffffffffffffffffffff160383035b90506000821180610b805750600081115b610bd5576040517f08c379a0000000000000000000000000000000000000000000000000000000008152600401808060200182810382526024815260200180612b546024913960400191505060405180910390fd5b6000610c09610beb84600363ffffffff6121e816565b610bfd876103e863ffffffff6121e816565b9063ffffffff61226e16565b90506000610c21610beb84600363ffffffff6121e816565b9050610c59620f4240610c4d6dffffffffffffffffffffffffffff8b8116908b1663ffffffff6121e816565b9063ffffffff6121e816565b610c69838363ffffffff6121e816565b1015610cd657604080517f08c379a000000000000000000000000000000000000000000000000000000000815260206004820152600c60248201527f556e697377617056323a204b0000000000000000000000000000000000000000604482015290519081900360640190fd5b5050610ce4848488886122e0565b60408051838152602081018390528082018d9052606081018c9052905173ffffffffffffffffffffffffffffffffffffffff8b169133917fd78ad95fa46c994b6551d0da85fc275fe613ce37657fb8d5e3d130840159d8229181900360800190a350506001600c55505050505050505050565b6040518060400160405280600a81526020017f556e69737761702056320000000000000000000000000000000000000000000081525081565b6008546dffffffffffffffffffffffffffff808216926e0100000000000000000000000000008304909116917c0100000000000000000000000000000000000000000000000000000000900463ffffffff1690565b6000610df233848461259c565b5060015b92915050565b60065473ffffffffffffffffffffffffffffffffffffffff1681565b60005481565b73ffffffffffffffffffffffffffffffffffffffff831660009081526002602090815260408083203384529091528120547fffffffffffffffffffffffffffffffffffffffffffffffffffffffffffffffff14610ee85773ffffffffffffffffffffffffffffffffffffffff84166000908152600260209081526040808320338452909152902054610eb6908363ffffffff61226e16565b73ffffffffffffffffffffffffffffffffffffffff851660009081526002602090815260408083203384529091529020555b610ef384848461260b565b5060019392505050565b7f6e71edae12b1b97f4d1f60370fef10105fa2faae0126114a169c64845d6126c981565b601281565b60035481565b60055473ffffffffffffffffffffffffffffffffffffffff163314610fb257604080517f08c379a000000000000000000000000000000000000000000000000000000000815260206004820152601460248201527f556e697377617056323a20464f5242494444454e000000000000000000000000604482015290519081900360640190fd5b6006805473ffffffffffffffffffffffffffffffffffffffff9384167fffffffffffffffffffffffff00000000000000000000000000000000000000009182161790915560078054929093169116179055565b60095481565b600a5481565b6000600c5460011461108457604080517f08c379a000000000000000000000000000000000000000000000000000000000815260206004820152601160248201527f556e697377617056323a204c4f434b4544000000000000000000000000000000604482015290519081900360640190fd5b6000600c81905580611094610d90565b50600654604080517f70a08231000000000000000000000000000000000000000000000000000000008152306004820152905193955091935060009273ffffffffffffffffffffffffffffffffffffffff909116916370a08231916024808301926020929190829003018186803b15801561110e57600080fd5b505afa158015611122573d6000803e3d6000fd5b505050506040513d602081101561113857600080fd5b5051600754604080517f70a08231000000000000000000000000000000000000000000000000000000008152306004820152905192935060009273ffffffffffffffffffffffffffffffffffffffff909216916370a0823191602480820192602092909190829003018186803b1580156111b157600080fd5b505afa1580156111c5573d6000803e3d6000fd5b505050506040513d60208110156111db57600080fd5b505190506000611201836dffffffffffffffffffffffffffff871663ffffffff61226e16565b90506000611225836dffffffffffffffffffffffffffff871663ffffffff61226e16565b9050600061123387876126ec565b600054909150806112705761125c6103e8610bfd611257878763ffffffff6121e816565b612878565b985061126b60006103e86128ca565b6112cd565b6112ca6dffffffffffffffffffffffffffff8916611294868463ffffffff6121e816565b8161129b57fe5b046dffffffffffffffffffffffffffff89166112bd868563ffffffff6121e816565b816112c457fe5b0461297a565b98505b60008911611326576040517f08c379a0000000000000000000000000000000000000000000000000000000008152600401808060200182810382526028815260200180612bc16028913960400191505060405180910390fd5b6113308a8a6128ca565b61133c86868a8a6122e0565b811561137e5760085461137a906dffffffffffffffffffffffffffff808216916e01000000000000000000000000000090041663ffffffff6121e816565b600b555b6040805185815260208101859052815133927f4c209b5fc8ad50758f13e2e1088ba56a560dff690a1c6fef26394f4c03821c4f928290030190a250506001600c5550949695505050505050565b60016020526000908152604090205481565b600b5481565b60046020526000908152604090205481565b600080600c5460011461146957604080517f08c379a000000000000000000000000000000000000000000000000000000000815260206004820152601160248201527f556e697377617056323a204c4f434b4544000000000000000000000000000000604482015290519081900360640190fd5b6000600c81905580611479610d90565b50600654600754604080517f70a08231000000000000000000000000000000000000000000000000000000008152306004820152905194965092945073ffffffffffffffffffffffffffffffffffffffff9182169391169160009184916370a08231916024808301926020929190829003018186803b1580156114fb57600080fd5b505afa15801561150f573d6000803e3d6000fd5b505050506040513d602081101561152557600080fd5b5051604080517f70a08231000000000000000000000000000000000000000000000000000000008152306004820152905191925060009173ffffffffffffffffffffffffffffffffffffffff8516916370a08231916024808301926020929190829003018186803b15801561159957600080fd5b505afa1580156115ad573d6000803e3d6000fd5b505050506040513d60208110156115c357600080fd5b5051306000908152600160205260408120549192506115e288886126ec565b600054909150806115f9848763ffffffff6121e816565b8161160057fe5b049a5080611614848663ffffffff6121e816565b8161161b57fe5b04995060008b11801561162e575060008a115b611683576040517f08c379a0000000000000000000000000000000000000000000000000000000008152600401808060200182810382526028815260200180612b996028913960400191505060405180910390fd5b61168d3084612992565b611698878d8d611fdb565b6116a3868d8c611fdb565b604080517f70a08231000000000000000000000000000000000000000000000000000000008152306004820152905173ffffffffffffffffffffffffffffffffffffffff8916916370a08231916024808301926020929190829003018186803b15801561170f57600080fd5b505afa158015611723573d6000803e3d6000fd5b505050506040513d602081101561173957600080fd5b5051604080517f70a08231000000000000000000000000000000000000000000000000000000008152306004820152905191965073ffffffffffffffffffffffffffffffffffffffff8816916370a0823191602480820192602092909190829003018186803b1580156117ab57600080fd5b505afa1580156117bf573d6000803e3d6000fd5b505050506040513d60208110156117d557600080fd5b505193506117e585858b8b6122e0565b811561182757600854611823906dffffffffffffffffffffffffffff808216916e01000000000000000000000000000090041663ffffffff6121e816565b600b555b604080518c8152602081018c9052815173ffffffffffffffffffffffffffffffffffffffff8f169233927fdccd412f0b1252819cb1fd330b93224ca42612892bb3f4f789976e6d81936496929081900390910190a35050505050505050506001600c81905550915091565b6040518060400160405280600681526020017f554e492d5632000000000000000000000000000000000000000000000000000081525081565b6000610df233848461260b565b6103e881565b600c5460011461194f57604080517f08c379a000000000000000000000000000000000000000000000000000000000815260206004820152601160248201527f556e697377617056323a204c4f434b4544000000000000000000000000000000604482015290519081900360640190fd5b6000600c55600654600754600854604080517f70a08231000000000000000000000000000000000000000000000000000000008152306004820152905173ffffffffffffffffffffffffffffffffffffffff9485169490931692611a2b9285928792611a26926dffffffffffffffffffffffffffff169185916370a0823191602480820192602092909190829003018186803b1580156119ee57600080fd5b505afa158015611a02573d6000803e3d6000fd5b505050506040513d6020811015611a1857600080fd5b50519063ffffffff61226e16565b611fdb565b600854604080517f70a082310000000000000000000000000000000000000000000000000000000081523060048201529051611aca9284928792611a26926e01000000000000000000000000000090046dffffffffffffffffffffffffffff169173ffffffffffffffffffffffffffffffffffffffff8616916370a0823191602480820192602092909190829003018186803b1580156119ee57600080fd5b50506001600c5550565b60055473ffffffffffffffffffffffffffffffffffffffff1681565b60075473ffffffffffffffffffffffffffffffffffffffff1681565b42841015611b7b57604080517f08c379a000000000000000000000000000000000000000000000000000000000815260206004820152601260248201527f556e697377617056323a20455850495245440000000000000000000000000000604482015290519081900360640190fd5b60035473ffffffffffffffffffffffffffffffffffffffff80891660008181526004602090815260408083208054600180820190925582517f6e71edae12b1b97f4d1f60370fef10105fa2faae0126114a169c64845d6126c98186015280840196909652958d166060860152608085018c905260a085019590955260c08085018b90528151808603909101815260e0850182528051908301207f19010000000000000000000000000000000000000000000000000000000000006101008601526101028501969096526101228085019690965280518085039096018652610142840180825286519683019690962095839052610162840180825286905260ff89166101828501526101a284018890526101c28401879052519193926101e2808201937fffffffffffffffffffffffffffffffffffffffffffffffffffffffffffffffe081019281900390910190855afa158015611cdc573d6000803e3d6000fd5b50506040517fffffffffffffffffffffffffffffffffffffffffffffffffffffffffffffffe0015191505073ffffffffffffffffffffffffffffffffffffffff811615801590611d5757508873ffffffffffffffffffffffffffffffffffffffff168173ffffffffffffffffffffffffffffffffffffffff16145b611dc257604080517f08c379a000000000000000000000000000000000000000000000000000000000815260206004820152601c60248201527f556e697377617056323a20494e56414c49445f5349474e415455524500000000604482015290519081900360640190fd5b611dcd89898961259c565b505050505050505050565b600260209081526000928352604080842090915290825290205481565b600c54600114611e6657604080517f08c379a000000000000000000000000000000000000000000000000000000000815260206004820152601160248201527f556e697377617056323a204c4f434b4544000000000000000000000000000000604482015290519081900360640190fd5b6000600c55600654604080517f70a082310000000000000000000000000000000000000000000000000000000081523060048201529051611fd49273ffffffffffffffffffffffffffffffffffffffff16916370a08231916024808301926020929190829003018186803b158015611edd57600080fd5b505afa158015611ef1573d6000803e3d6000fd5b505050506040513d6020811015611f0757600080fd5b5051600754604080517f70a08231000000000000000000000000000000000000000000000000000000008152306004820152905173ffffffffffffffffffffffffffffffffffffffff909216916370a0823191602480820192602092909190829003018186803b158015611f7a57600080fd5b505afa158015611f8e573d6000803e3d6000fd5b505050506040513d6020811015611fa457600080fd5b50516008546dffffffffffffffffffffffffffff808216916e0100000000000000000000000000009004166122e0565b6001600c55565b604080518082018252601981527f7472616e7366657228616464726573732c75696e743235362900000000000000602091820152815173ffffffffffffffffffffffffffffffffffffffff85811660248301526044808301869052845180840390910181526064909201845291810180517bffffffffffffffffffffffffffffffffffffffffffffffffffffffff167fa9059cbb000000000000000000000000000000000000000000000000000000001781529251815160009460609489169392918291908083835b602083106120e157805182527fffffffffffffffffffffffffffffffffffffffffffffffffffffffffffffffe090920191602091820191016120a4565b6001836020036101000a0380198251168184511680821785525050505050509050019150506000604051808303816000865af19150503d8060008114612143576040519150601f19603f3d011682016040523d82523d6000602084013e612148565b606091505b5091509150818015612176575080511580612176575080806020019051602081101561217357600080fd5b50515b6121e157604080517f08c379a000000000000000000000000000000000000000000000000000000000815260206004820152601a60248201527f556e697377617056323a205452414e534645525f4641494c4544000000000000604482015290519081900360640190fd5b5050505050565b60008115806122035750508082028282828161220057fe5b04145b610df657604080517f08c379a000000000000000000000000000000000000000000000000000000000815260206004820152601460248201527f64732d6d6174682d6d756c2d6f766572666c6f77000000000000000000000000604482015290519081900360640190fd5b80820382811115610df657604080517f08c379a000000000000000000000000000000000000000000000000000000000815260206004820152601560248201527f64732d6d6174682d7375622d756e646572666c6f770000000000000000000000604482015290519081900360640190fd5b6dffffffffffffffffffffffffffff841180159061230c57506dffffffffffffffffffffffffffff8311155b61237757604080517f08c379a000000000000000000000000000000000000000000000000000000000815260206004820152601360248201527f556e697377617056323a204f564552464c4f5700000000000000000000000000604482015290519081900360640190fd5b60085463ffffffff428116917c0100000000000000000000000000000000000000000000000000000000900481168203908116158015906123c757506dffffffffffffffffffffffffffff841615155b80156123e257506dffffffffffffffffffffffffffff831615155b15612492578063ffffffff16612425856123fb86612a57565b7bffffffffffffffffffffffffffffffffffffffffffffffffffffffff169063ffffffff612a7b16565b600980547bffffffffffffffffffffffffffffffffffffffffffffffffffffffff929092169290920201905563ffffffff8116612465846123fb87612a57565b600a80547bffffffffffffffffffffffffffffffffffffffffffffffffffffffff92909216929092020190555b600880547fffffffffffffffffffffffffffffffffffff0000000000000000000000000000166dffffffffffffffffffffffffffff888116919091177fffffffff0000000000000000000000000000ffffffffffffffffffffffffffff166e0100000000000000000000000000008883168102919091177bffffffffffffffffffffffffffffffffffffffffffffffffffffffff167c010000000000000000000000000000000000000000000000000000000063ffffffff871602179283905560408051848416815291909304909116602082015281517f1c411e9a96e071241c2f21f7726b17ae89e3cab4c78be50e062b03a9fffbbad1929181900390910190a1505050505050565b73ffffffffffffffffffffffffffffffffffffffff808416600081815260026020908152604080832094871680845294825291829020859055815185815291517f8c5be1e5ebec7d5bd14f71427d1e84f3dd0314c0f7b2291e5b200ac8c7c3b9259281900390910190a3505050565b73ffffffffffffffffffffffffffffffffffffffff8316600090815260016020526040902054612641908263ffffffff61226e16565b73ffffffffffffffffffffffffffffffffffffffff8085166000908152600160205260408082209390935590841681522054612683908263ffffffff612abc16565b73ffffffffffffffffffffffffffffffffffffffff80841660008181526001602090815260409182902094909455805185815290519193928716927fddf252ad1be2c89b69c2b068fc378daa952ba7f163c4a11628f55a4df523b3ef92918290030190a3505050565b600080600560009054906101000a900473ffffffffffffffffffffffffffffffffffffffff1673ffffffffffffffffffffffffffffffffffffffff1663017e7e586040518163ffffffff1660e01b815260040160206040518083038186803b15801561275757600080fd5b505afa15801561276b573d6000803e3d6000fd5b505050506040513d602081101561278157600080fd5b5051600b5473ffffffffffffffffffffffffffffffffffffffff821615801594509192509061286457801561285f5760006127d86112576dffffffffffffffffffffffffffff88811690881663ffffffff6121e816565b905060006127e583612878565b90508082111561285c576000612813612804848463ffffffff61226e16565b6000549063ffffffff6121e816565b905060006128388361282c86600563ffffffff6121e816565b9063ffffffff612abc16565b9050600081838161284557fe5b04905080156128585761285887826128ca565b5050505b50505b612870565b8015612870576000600b555b505092915050565b600060038211156128bb575080600160028204015b818110156128b5578091506002818285816128a457fe5b0401816128ad57fe5b04905061288d565b506128c5565b81156128c5575060015b919050565b6000546128dd908263ffffffff612abc16565b600090815573ffffffffffffffffffffffffffffffffffffffff8316815260016020526040902054612915908263ffffffff612abc16565b73ffffffffffffffffffffffffffffffffffffffff831660008181526001602090815260408083209490945583518581529351929391927fddf252ad1be2c89b69c2b068fc378daa952ba7f163c4a11628f55a4df523b3ef9281900390910190a35050565b6000818310612989578161298b565b825b9392505050565b73ffffffffffffffffffffffffffffffffffffffff82166000908152600160205260409020546129c8908263ffffffff61226e16565b73ffffffffffffffffffffffffffffffffffffffff831660009081526001602052604081209190915554612a02908263ffffffff61226e16565b600090815560408051838152905173ffffffffffffffffffffffffffffffffffffffff8516917fddf252ad1be2c89b69c2b068fc378daa952ba7f163c4a11628f55a4df523b3ef919081900360200190a35050565b6dffffffffffffffffffffffffffff166e0100000000000000000000000000000290565b60006dffffffffffffffffffffffffffff82167bffffffffffffffffffffffffffffffffffffffffffffffffffffffff841681612ab457fe5b049392505050565b80820182811015610df657604080517f08c379a000000000000000000000000000000000000000000000000000000000815260206004820152601460248201527f64732d6d6174682d6164642d6f766572666c6f77000000000000000000000000604482015290519081900360640190fdfe556e697377617056323a20494e53554646494349454e545f4f55545055545f414d4f554e54556e697377617056323a20494e53554646494349454e545f494e5055545f414d4f554e54556e697377617056323a20494e53554646494349454e545f4c4951554944495459556e697377617056323a20494e53554646494349454e545f4c49515549444954595f4255524e4544556e697377617056323a20494e53554646494349454e545f4c49515549444954595f4d494e544544a265627a7a723158207dca18479e58487606bf70c79e44d8dee62353c9ee6d01f9a9d70885b8765f2264736f6c63430005100032,{},false,false,0x93f34944709fe6faa0558873b81ba93891e4a3d0c80337952e1f1417faa1fed3,16734208,2023-03-01 13:56:59
0xddedfcae1e6e5a5ea5b41c3cb2c5574994d0ea0f,0x363d3d373d3d3d363d7364de999ce2fcbcf4f37ab16341de78ddf8722ad25af43d82803e903d91602b57fd5bf3,{},false,false,0x9b58d0f0abdf4a057efe1ff60315f6e00ed65283caa4774a42dc759ba86889b7,16734464,2023-03-01 14:49:11
0x77d3c4df330bf9331569c7f4414494828ac6f7f6,0x363d3d373d3d3d363d7364336d968e8b2de227cfd4b741debd73ff507f845af43d82803e903d91602b57fd5bf3,{},false,false,0x571adc53052dc1d3f7bf0a612fe408a93b0571427eb1a270a80966b4a3c0ca9a,16735232,2023-03-01 17:24:11
0xf022b1a79ca1acfbc6da39000646e32ae958f04b,0x363d3d373d3d3d363d73e23fbe7e4aa0a51c31cb986ed0ad12ed06a38f405af43d82803e903d91602b57fd5bf3,{},false,false,0x1048d7c0b87aced03d231f1e341cf523b5ad1ddcdbb66edb0821590ef444a125,16737024,2023-03-01 23:26:35
0x5c7b46c080c0dda8e8282c18b8ef10acded83a37,0x363d3d373d3d3d363d73539717d4e4fbcdda3008c87a706b5d8c2fe62e845af43d82803e903d91602b57fd5bf3,{},false,false,0xbc92e5c375bbd95cc22b6ac736ad83f92ae9d9e28ac07fb7f93e1540ba2a470c,16737536,2023-03-02 01:11:11
0xabe8e90edf0e2341c57498a800f2502f38bb45c8,0x363d3d373d3d3d363d730a252663dbcc0b073063d6420a40319e438cfa595af43d82803e903d91602b57fd5bf3,{},false,false,0x275054a1e049e250a1ccb89908270973f4ff4186ed97f289def85514ffbac1a1,16738560,2023-03-02 04:38:11
0x78329ad7dd79274b094feebbc97eb4974ae2094c,0x363d3d373d3d3d363d730a252663dbcc0b073063d6420a40319e438cfa595af43d82803e903d91602b57fd5bf3,{},false,false,0x275054a1e049e250a1ccb89908270973f4ff4186ed97f289def85514ffbac1a1,16738560,2023-03-02 04:38:11
0xf0ef973bb461c54a4fd452c598da4ec5f696b9c2,0x363d3d373d3d3d363d730a252663dbcc0b073063d6420a40319e438cfa595af43d82803e903d91602b57fd5bf3,{},false,false,0x275054a1e049e250a1ccb89908270973f4ff4186ed97f289def85514ffbac1a1,16738560,2023-03-02 04:38:11
0xe774d4a6b2f94f689dc72e4a37b41bb15a3243e0,0x363d3d373d3d3d363d730a252663dbcc0b073063d6420a40319e438cfa595af43d82803e903d91602b57fd5bf3,{},false,false,0x275054a1e049e250a1ccb89908270973f4ff4186ed97f289def85514ffbac1a1,16738560,2023-03-02 04:38:11
0x2413071ad028b51914007ae5913049e73c937449,0x363d3d373d3d3d363d730a252663dbcc0b073063d6420a40319e438cfa595af43d82803e903d91602b57fd5bf3,{},false,false,0x077f0d3b5500846688824657330f691c58134104ec7f202b60cbde87ac399ca9,16738816,2023-03-02 05:29:35
0x0528552e4897f866dceb2a45d229f4fcd5b6507b,0x363d3d373d3d3d363d730a252663dbcc0b073063d6420a40319e438cfa595af43d82803e903d91602b57fd5bf3,{},false,false,0x077f0d3b5500846688824657330f691c58134104ec7f202b60cbde87ac399ca9,16738816,2023-03-02 05:29:35
0x1b103e308ce029dd7ed072a70884a6177c2eeab0,0x363d3d373d3d3d363d730a252663dbcc0b073063d6420a40319e438cfa595af43d82803e903d91602b57fd5bf3,{},false,false,0x077f0d3b5500846688824657330f691c58134104ec7f202b60cbde87ac399ca9,16738816,2023-03-02 05:29:35
0x018a86c9cb755b2311d49246611b04cf7e3afc6b,0x363d3d373d3d3d363d730a252663dbcc0b073063d6420a40319e438cfa595af43d82803e903d91602b57fd5bf3,{},false,false,0x077f0d3b5500846688824657330f691c58134104ec7f202b60cbde87ac399ca9,16738816,2023-03-02 05:29:35
0xd6dbb5e5cc59f0cfef08d4c92e745b40918bbdca,0x363d3d373d3d3d363d730a252663dbcc0b073063d6420a40319e438cfa595af43d82803e903d91602b57fd5bf3,{},false,false,0x077f0d3b5500846688824657330f691c58134104ec7f202b60cbde87ac399ca9,16738816,2023-03-02 05:29:35
0xf89a5b557627094ea51adb07d14d7296b41f5e53,0x363d3d373d3d3d363d730a252663dbcc0b073063d6420a40319e438cfa595af43d82803e903d91602b57fd5bf3,{},false,false,0x077f0d3b5500846688824657330f691c58134104ec7f202b60cbde87ac399ca9,16738816,2023-03-02 05:29:35
0x5b1785108cd1fc8a6c3a2bccfc704bc86ea677ef,0x363d3d373d3d3d363d730a252663dbcc0b073063d6420a40319e438cfa595af43d82803e903d91602b57fd5bf3,{},false,false,0x077f0d3b5500846688824657330f691c58134104ec7f202b60cbde87ac399ca9,16738816,2023-03-02 05:29:35
0xa9f7919ee984a64b48480e956ea25a272a0a4ebc,0x363d3d373d3d3d363d730a252663dbcc0b073063d6420a40319e438cfa595af43d82803e903d91602b57fd5bf3,{},false,false,0x077f0d3b5500846688824657330f691c58134104ec7f202b60cbde87ac399ca9,16738816,2023-03-02 05:29:35
0x83aa1be193236aec537b88ad03bb94a3fc89935a,0x363d3d373d3d3d363d730a252663dbcc0b073063d6420a40319e438cfa595af43d82803e903d91602b57fd5bf3,{},false,false,0x077f0d3b5500846688824657330f691c58134104ec7f202b60cbde87ac399ca9,16738816,2023-03-02 05:29:35
0xdd4035e19c4ef379e73af8d8b350107b4e849cac,0x363d3d373d3d3d363d730a252663dbcc0b073063d6420a40319e438cfa595af43d82803e903d91602b57fd5bf3,{},false,false,0x077f0d3b5500846688824657330f691c58134104ec7f202b60cbde87ac399ca9,16738816,2023-03-02 05:29:35
0x3da7a95d9de4ea35a699fe2cffcf88c62f32da75,0x363d3d373d3d3d363d730a252663dbcc0b073063d6420a40319e438cfa595af43d82803e903d91602b57fd5bf3,{},false,false,0x077f0d3b5500846688824657330f691c58134104ec7f202b60cbde87ac399ca9,16738816,2023-03-02 05:29:35
0xadf8f6f67dad54a5767a015ff0969f18218f3272,0x363d3d373d3d3d363d730a252663dbcc0b073063d6420a40319e438cfa595af43d82803e903d91602b57fd5bf3,{},false,false,0x077f0d3b5500846688824657330f691c58134104ec7f202b60cbde87ac399ca9,16738816,2023-03-02 05:29:35
0x3ea3539117616c4b9f890e8e988d5c0d03e3df0e,0x363d3d373d3d3d363d730a252663dbcc0b073063d6420a40319e438cfa595af43d82803e903d91602b57fd5bf3,{},false,false,0x077f0d3b5500846688824657330f691c58134104ec7f202b60cbde87ac399ca9,16738816,2023-03-02 05:29:35
0x15c6835d1af9ab3ece8619fd501ef9ac5d699384,0x363d3d373d3d3d363d730a252663dbcc0b073063d6420a40319e438cfa595af43d82803e903d91602b57fd5bf3,{},false,false,0x077f0d3b5500846688824657330f691c58134104ec7f202b60cbde87ac399ca9,16738816,2023-03-02 05:29:35
0xe48a9028840aa5b6a9b7364e97601dcfd485a98a,0x363d3d373d3d3d363d730a252663dbcc0b073063d6420a40319e438cfa595af43d82803e903d91602b57fd5bf3,{},false,false,0x077f0d3b5500846688824657330f691c58134104ec7f202b60cbde87ac399ca9,16738816,2023-03-02 05:29:35
0x6675f6c3e42d7c41333833ea97045a801d68a123,0x363d3d373d3d3d363d730a252663dbcc0b073063d6420a40319e438cfa595af43d82803e903d91602b57fd5bf3,{},false,false,0x077f0d3b5500846688824657330f691c58134104ec7f202b60cbde87ac399ca9,16738816,2023-03-02 05:29:35
0xcdcbbf73a80a4e488f3e5d1af51facdefa372597,0x363d3d373d3d3d363d730a252663dbcc0b073063d6420a40319e438cfa595af43d82803e903d91602b57fd5bf3,{},false,false,0x077f0d3b5500846688824657330f691c58134104ec7f202b60cbde87ac399ca9,16738816,2023-03-02 05:29:35
0x1afd5f6ce25ed91039b34e3a7b150d326f31945d,0x363d3d373d3d3d363d730a252663dbcc0b073063d6420a40319e438cfa595af43d82803e903d91602b57fd5bf3,{},false,false,0x077f0d3b5500846688824657330f691c58134104ec7f202b60cbde87ac399ca9,16738816,2023-03-02 05:29:35
0x680112493c5b6cbee74f1621a4f4b0b4ac0b04ce,0x363d3d373d3d3d363d730a252663dbcc0b073063d6420a40319e438cfa595af43d82803e903d91602b57fd5bf3,{},false,false,0x077f0d3b5500846688824657330f691c58134104ec7f202b60cbde87ac399ca9,16738816,2023-03-02 05:29:35
0x7ac8b5122642ac18e4fbb468b2b53567265796a3,0x363d3d373d3d3d363d730a252663dbcc0b073063d6420a40319e438cfa595af43d82803e903d91602b57fd5bf3,{},false,false,0x077f0d3b5500846688824657330f691c58134104ec7f202b60cbde87ac399ca9,16738816,2023-03-02 05:29:35
0x3fae8cf236e4a80cd208394b30b98e3cc8b084fe,0x363d3d373d3d3d363d730a252663dbcc0b073063d6420a40319e438cfa595af43d82803e903d91602b57fd5bf3,{},false,false,0x077f0d3b5500846688824657330f691c58134104ec7f202b60cbde87ac399ca9,16738816,2023-03-02 05:29:35
0x54b96386c1891a81f3daede4477da577c2436c88,0x363d3d373d3d3d363d730a252663dbcc0b073063d6420a40319e438cfa595af43d82803e903d91602b57fd5bf3,{},false,false,0x077f0d3b5500846688824657330f691c58134104ec7f202b60cbde87ac399ca9,16738816,2023-03-02 05:29:35
0x96b4e9e546ec69d3322d9ae456f545eca77d681f,0x363d3d373d3d3d363d730a252663dbcc0b073063d6420a40319e438cfa595af43d82803e903d91602b57fd5bf3,{},false,false,0x077f0d3b5500846688824657330f691c58134104ec7f202b60cbde87ac399ca9,16738816,2023-03-02 05:29:35
0x298d28f8a1b4b6a866a4c8b065a0aa193f2bdc4b,0x363d3d373d3d3d363d730a252663dbcc0b073063d6420a40319e438cfa595af43d82803e903d91602b57fd5bf3,{},false,false,0x077f0d3b5500846688824657330f691c58134104ec7f202b60cbde87ac399ca9,16738816,2023-03-02 05:29:35
0x695ed860e7eac73c90cf2343c5ef45c58fb08c9b,0x363d3d373d3d3d363d730a252663dbcc0b073063d6420a40319e438cfa595af43d82803e903d91602b57fd5bf3,{},false,false,0x077f0d3b5500846688824657330f691c58134104ec7f202b60cbde87ac399ca9,16738816,2023-03-02 05:29:35
0x0ff1889ed1209a6c00a00a78077bdacf7d7758cd,0x363d3d373d3d3d363d730a252663dbcc0b073063d6420a40319e438cfa595af43d82803e903d91602b57fd5bf3,{},false,false,0x077f0d3b5500846688824657330f691c58134104ec7f202b60cbde87ac399ca9,16738816,2023-03-02 05:29:35
0x4d7fd856e590c555dc34393f2b67f509e18dafb0,0x363d3d373d3d3d363d730a252663dbcc0b073063d6420a40319e438cfa595af43d82803e903d91602b57fd5bf3,{},false,false,0x077f0d3b5500846688824657330f691c58134104ec7f202b60cbde87ac399ca9,16738816,2023-03-02 05:29:35
0x0029a5443a1015a2714d8f94e1e3bbae0cb9e510,0x363d3d373d3d3d363d730a252663dbcc0b073063d6420a40319e438cfa595af43d82803e903d91602b57fd5bf3,{},false,false,0x077f0d3b5500846688824657330f691c58134104ec7f202b60cbde87ac399ca9,16738816,2023-03-02 05:29:35
0x1275fb68ef33d0e43f19021a98bbdb7887f7a28f,0x363d3d373d3d3d363d730a252663dbcc0b073063d6420a40319e438cfa595af43d82803e903d91602b57fd5bf3,{},false,false,0x077f0d3b5500846688824657330f691c58134104ec7f202b60cbde87ac399ca9,16738816,2023-03-02 05:29:35
0x7a4430fbb5d179319180391f9d3ee48f37e94d47,0x363d3d373d3d3d363d730a252663dbcc0b073063d6420a40319e438cfa595af43d82803e903d91602b57fd5bf3,{},false,false,0x077f0d3b5500846688824657330f691c58134104ec7f202b60cbde87ac399ca9,16738816,2023-03-02 05:29:35
0x0e2517b4b377603b1b57b14e3b35893ac40b8ee6,0x363d3d373d3d3d363d730a252663dbcc0b073063d6420a40319e438cfa595af43d82803e903d91602b57fd5bf3,{},false,false,0x077f0d3b5500846688824657330f691c58134104ec7f202b60cbde87ac399ca9,16738816,2023-03-02 05:29:35
0x9c83cedb67ed53b133b9f06c5878c4df61a1efe9,0x363d3d373d3d3d363d730a252663dbcc0b073063d6420a40319e438cfa595af43d82803e903d91602b57fd5bf3,{},false,false,0x077f0d3b5500846688824657330f691c58134104ec7f202b60cbde87ac399ca9,16738816,2023-03-02 05:29:35
0xb09300f400e6f00500a307eedd3e6639b70b4f42,0x363d3d373d3d3d363d730a252663dbcc0b073063d6420a40319e438cfa595af43d82803e903d91602b57fd5bf3,{},false,false,0x077f0d3b5500846688824657330f691c58134104ec7f202b60cbde87ac399ca9,16738816,2023-03-02 05:29:35
0x8bbddfccb6337ce53776ed6f4dfc80dfee9dd507,0x363d3d373d3d3d363d730a252663dbcc0b073063d6420a40319e438cfa595af43d82803e903d91602b57fd5bf3,{},false,false,0x077f0d3b5500846688824657330f691c58134104ec7f202b60cbde87ac399ca9,16738816,2023-03-02 05:29:35
0x8190f16464899cb9ece46b731cc59c397201b6f8,0x363d3d373d3d3d363d730a252663dbcc0b073063d6420a40319e438cfa595af43d82803e903d91602b57fd5bf3,{},false,false,0x077f0d3b5500846688824657330f691c58134104ec7f202b60cbde87ac399ca9,16738816,2023-03-02 05:29:35
0xffc5a08fc78a641b6b77fd5e0a9aeb53d9f4e19d,0x363d3d373d3d3d363d730a252663dbcc0b073063d6420a40319e438cfa595af43d82803e903d91602b57fd5bf3,{},false,false,0x077f0d3b5500846688824657330f691c58134104ec7f202b60cbde87ac399ca9,16738816,2023-03-02 05:29:35
0xab416b3b50c8f49bd5331696f005d76ce2841ef5,0x363d3d373d3d3d363d730a252663dbcc0b073063d6420a40319e438cfa595af43d82803e903d91602b57fd5bf3,{},false,false,0x077f0d3b5500846688824657330f691c58134104ec7f202b60cbde87ac399ca9,16738816,2023-03-02 05:29:35
0xf1f9ac0432ccf80fef2b5a586c85a9b63709799e,0x363d3d373d3d3d363d730a252663dbcc0b073063d6420a40319e438cfa595af43d82803e903d91602b57fd5bf3,{},false,false,0x077f0d3b5500846688824657330f691c58134104ec7f202b60cbde87ac399ca9,16738816,2023-03-02 05:29:35
0xebce3e792c034b3ed9dabee336153e9a173241b3,0x363d3d373d3d3d363d730a252663dbcc0b073063d6420a40319e438cfa595af43d82803e903d91602b57fd5bf3,{},false,false,0x077f0d3b5500846688824657330f691c58134104ec7f202b60cbde87ac399ca9,16738816,2023-03-02 05:29:35
0x151f073934ed054db6b4b4518333f311d81969cd,0x363d3d373d3d3d363d730a252663dbcc0b073063d6420a40319e438cfa595af43d82803e903d91602b57fd5bf3,{},false,false,0x077f0d3b5500846688824657330f691c58134104ec7f202b60cbde87ac399ca9,16738816,2023-03-02 05:29:35
0x3e976e3be042a51b93b319ca540e2d4f948e54ad,0x363d3d373d3d3d363d730a252663dbcc0b073063d6420a40319e438cfa595af43d82803e903d91602b57fd5bf3,{},false,false,0x077f0d3b5500846688824657330f691c58134104ec7f202b60cbde87ac399ca9,16738816,2023-03-02 05:29:35
